,positiontitle,companyname,joblocation,daysagoposted,Salary,excelFind,pythonFind,RFind,javaFind,ccplusplusFind,MATLABFind,SASFind,SQLFind,SPSSFind,tableauFind,hadoopFind,SparkFind,communicationFind,presentationFind,problemsolvingFind,projectmanagementFind,consultingFind,leadershipFind
0,Junior Data Scientist,Fiddlehead,"Moncton, NB",Today,NIL,0,1,1,1,0,0,0,0,0,0,0,0,0,0,1,0,0,0
1,Data Scientist,Fiddlehead,"Moncton, NB",Today,NIL,0,1,0,0,0,0,0,0,0,0,0,0,1,0,1,0,0,0
2,Data Scientist,Canadian Security Intelligence Service,"Ottawa, ON",Just posted,"$89,400 - $108,820 a year",0,1,1,0,0,0,0,0,0,0,0,0,1,1,0,0,0,0
3,Data Scientist,MSi Corp (Bell Canada),"Toronto, ON",2 days ago,NIL,1,1,1,0,0,0,1,1,0,0,0,0,1,0,0,0,0,0
4,Data Scientist,Compest Solutions Inc,"Toronto, ON",Today,$44 - $60 an hour,0,1,1,1,0,0,0,1,0,0,1,1,0,0,0,0,0,0
5,Data Scientist / BI Engineer,Stay22,"Montréal, QC",Today,NIL,0,1,1,0,0,0,1,1,0,0,0,1,0,0,0,0,0,0
6,Intern / Junior Data Scientist,BrainFinance,"Montréal, QC",27 days ago,NIL,0,1,0,0,0,0,0,1,0,0,0,0,0,1,0,0,0,0
7,GIS Data Scientist,City of Edmonton,"Edmonton, AB",Today,$45.85 - $57.93 an hour,1,1,0,0,0,0,0,0,0,0,0,0,1,1,1,0,0,0
8,Data Scientist,PharmEng Technology,Ontario,Just posted,NIL,1,1,0,0,0,0,0,1,0,0,0,0,1,0,0,0,0,0
9,data scientist,Digital Extremes Ltd.,"London, ON",30+ days ago,"$70,000 - $140,000 a year",1,1,0,0,0,0,0,1,0,0,0,0,1,0,0,0,0,0
10,Data Scientist,Rogers Communications,"Toronto, ON",16 days ago,NIL,0,0,0,0,0,0,1,1,0,0,1,0,0,0,0,0,0,0
11,Data Scientist,MAXA AI,"Montréal, QC",30+ days ago,"$60,000 - $90,000 a year",0,1,0,0,0,0,0,0,0,0,0,0,0,0,0,0,0,0
12,Data Scientist Internship - Summer 2020,Camfil Power Systems,"Laval, QC",3 days ago,NIL,0,1,1,0,0,1,0,0,0,0,0,0,0,0,0,0,0,0
13,"Data Scientist, Advanced Analytics",AESO,"Calgary, AB",Today,NIL,0,1,0,0,0,1,0,1,0,1,0,0,0,0,0,0,0,1
14,Data Scientist,EfficiencyOne,"Dartmouth, NS",22 days ago,NIL,1,1,1,0,0,0,1,1,0,0,0,0,1,0,0,0,0,0
15,Data Scientist,Dataperformers,"Montréal, QC",15 days ago,NIL,0,1,0,1,0,0,0,0,0,0,0,1,0,0,0,0,0,0
16,DATA SCIENTIST,Temetrix,"Ottawa, ON",30+ days ago,NIL,0,1,1,0,0,0,0,1,0,0,0,1,0,0,0,0,0,0
17,Data Scientist,WW International (formerly Weight Watchers),"Toronto, ON",6 days ago,NIL,0,1,1,0,0,0,0,1,0,0,0,0,0,0,0,0,0,0
18,Data Scientist (2 Roles),Parkland Fuel Corporation,"Calgary, AB",18 days ago,NIL,0,1,1,0,0,0,0,0,0,0,1,1,1,0,0,0,0,1
19,Data Scientist/Data Analyst,TrainTurf Academic Solutions Limited,"Vancouver, BC",30+ days ago,$30 - $60 an hour,1,1,1,1,1,0,0,0,0,0,0,1,1,0,0,0,0,1
20,Data Scientist,SkyHive Technologies Inc.,"Vancouver, BC",15 days ago,NIL,0,1,0,0,0,0,0,0,0,0,0,0,0,0,0,0,0,0
21,Data Scientist,MSi Corp.,"Ottawa, ON",30+ days ago,NIL,1,1,1,0,0,0,1,1,0,0,0,0,1,0,0,0,0,0
22,Data Scientist - FIFA,Electronic Arts,"Vancouver, BC",8 days ago,NIL,0,1,0,1,1,0,1,1,0,1,1,1,0,0,0,0,0,0
23,Data Scientist,Sanofi,"Toronto, ON",4 days ago,NIL,0,1,1,0,0,1,1,0,0,0,0,0,1,0,0,1,0,0
24,"Data Scientist, Machine Learning",Coursera,"Mountain View, AB",30+ days ago,NIL,1,1,0,0,0,0,0,1,0,0,0,0,1,0,0,1,0,0
25,Data Scientist II,TD Bank,"Toronto, ON",Today,NIL,0,1,1,0,0,0,0,0,0,0,1,1,1,0,0,0,0,1
26,Data Scientist,Slice Insurance Technologies Inc.,"Ottawa, ON",8 days ago,NIL,1,1,0,0,0,0,0,1,0,1,0,1,1,0,1,0,0,0
27,Data Scientist - QuantumBlack,McKinsey & Company,"Montréal, QC",30+ days ago,NIL,1,1,1,0,0,0,0,1,0,0,0,0,1,1,0,0,0,1
28,Senior Data Scientist (multiple roles),Shopify,"Ottawa, ON",30+ days ago,NIL,0,1,0,0,0,0,0,1,0,1,0,1,0,0,0,0,0,0
29,Data Scientist,BrainStation,"Toronto, ON",11 days ago,NIL,0,1,1,0,0,0,0,1,0,1,0,0,0,0,0,0,0,0
30,Data Scientist,Wish,"Toronto, ON",7 days ago,NIL,0,1,0,0,0,0,0,0,0,0,0,0,0,0,0,0,0,0
31,Senior Data Scientist,Pani Energy Inc,"Victoria, BC",5 days ago,NIL,0,1,0,0,0,0,0,0,0,0,0,0,1,0,0,0,0,0
32,Data Scientist,LoyaltyOne,"Toronto, ON",11 days ago,NIL,0,1,0,0,0,0,0,1,0,0,0,1,0,0,0,0,1,0
33,Data Scientist,BrainFinance,"Montréal, QC",27 days ago,NIL,0,1,0,0,0,0,0,1,0,0,0,0,0,1,0,0,0,0
34,Senior Data Scientist,Clearbanc,"Toronto, ON",6 days ago,NIL,0,1,0,0,0,0,0,1,0,0,0,0,0,0,0,0,0,1
35,Data Scientist / Data Modeler - ID 230,WestCorp Solutions,"Fort McMurray, AB",Today,NIL,0,0,0,0,0,0,0,1,0,0,0,0,1,1,0,0,0,0
36,Junior Data Scientist,Game Hive Corporation,"Toronto, ON",30+ days ago,NIL,0,1,1,0,0,0,0,1,0,1,0,1,0,0,0,0,0,0
37,"Data Scientist, Analytics and Machine Learning",Global Relay,"Vancouver, BC",8 days ago,NIL,0,1,0,1,0,0,0,0,0,0,0,0,1,0,0,0,0,0
38,Data Scientist I,"AMZN CAN Fulfillment Svcs, ULC","Vancouver, BC",30+ days ago,"$71,700 - $119,700 a year",0,1,1,0,0,1,0,0,0,0,0,0,0,0,0,0,0,0
39,Data scientist - BluePlanet Enterprise,Ciena,"Ottawa, ON",6 days ago,NIL,0,1,0,1,0,0,0,0,0,0,1,1,1,0,0,0,0,0
40,SENIOR DATA SCIENTIST (DIGITAL AND DATA SCIENCE),The Globe and Mail,"Toronto, ON",20 days ago,NIL,0,1,0,1,0,0,0,0,0,0,0,0,0,1,0,0,0,0
41,Data Scientist/Time Series,Scarsin,"Markham, ON",30+ days ago,NIL,1,0,1,0,0,0,0,0,0,0,0,0,1,1,1,0,1,1
42,Intern - Data Scientist,FIND Innovation Labs Inc.,"Vancouver, BC",25 days ago,NIL,0,1,0,0,0,0,0,1,0,0,0,0,0,0,0,0,0,0
43,Data Analyst (Regina) - 1220,Solvera,"Regina, SK",Today,NIL,0,1,0,0,0,0,0,1,0,1,0,0,0,0,0,0,1,0
44,Data Scientist Intern,Best Buy,"Burnaby, BC",2 days ago,NIL,0,1,1,0,0,0,0,1,0,0,0,0,1,1,0,0,0,1
45,Data Scientist Developer Intern - Summer Term,Audela,"Montréal, QC",21 days ago,NIL,0,0,0,0,0,0,0,0,0,0,0,0,1,0,0,0,0,0
46,Junior Data Scientist/Engineer,Cigna,"Mississauga, ON",20 days ago,NIL,1,1,1,1,0,0,0,1,0,0,0,0,1,0,1,0,0,0
47,"Co-op Data Scientist, Analytics and Machine Learning",Global Relay,"Vancouver, BC",8 days ago,NIL,0,1,0,1,0,0,0,0,0,0,0,0,1,0,0,0,0,0
48,Data Scientist,Munich Re,"Toronto, ON",30+ days ago,NIL,1,1,0,0,0,0,0,1,0,0,0,0,1,0,0,0,0,0
49,Principal Data Scientist,BlackBerry,"Ottawa, ON",9 days ago,NIL,1,1,0,0,0,0,0,0,0,0,0,0,0,0,0,1,0,1
50,Data Scientist,VENTION,"Montréal, QC",1 day ago,"$80,000 - $150,000 a year",1,1,0,0,0,0,0,1,0,1,0,0,0,0,0,0,0,0
51,Data Engineer or Scientist,Bombardier,"Dorval, QC",7 days ago,NIL,0,1,1,0,0,0,0,0,0,0,0,0,1,0,0,0,0,0
52,Data Scientist,Loblaw Digital,"Toronto, ON",30+ days ago,NIL,0,1,0,0,0,0,0,1,0,1,1,1,1,0,0,0,0,0
53,APPLIED RESEARCH SCIENTIST,Lambton College,"Sarnia, ON",Today,$31.37 an hour,1,0,0,0,0,0,0,0,0,0,0,0,1,1,0,0,0,0
54,Data Scientist.,Brain Finance,"Montréal, QC",30+ days ago,NIL,0,1,0,0,0,0,0,0,0,0,0,1,0,0,0,0,0,0
55,Data Scientist,"Perennial | DCM, a division of DCM","Bolton, ON",22 days ago,NIL,1,1,0,1,0,0,1,0,0,0,0,0,1,0,0,0,0,1
56,Data Scientist,SkyHive Technologies,"Vancouver, BC",15 days ago,NIL,0,1,0,0,0,0,0,0,0,0,0,0,0,0,0,0,0,0
57,Data Scientist Co-op,Visier Inc.,"Vancouver, BC",30+ days ago,NIL,0,0,0,0,0,0,0,0,0,0,0,0,0,0,0,0,0,0
58,Data Scientist,DRW Trading Group,"Montréal, QC",22 days ago,NIL,1,1,0,0,0,0,0,1,0,0,0,0,1,0,0,0,0,0
59,"Senior Data Scientist, Machine Learning",Coursera,"Mountain View, AB",30+ days ago,NIL,1,1,0,0,0,0,0,1,0,0,0,0,1,0,0,1,0,0
60,Data Scientist,Chartered Professional Accountants of AB,"Edmonton, AB",30+ days ago,NIL,1,1,1,0,0,0,0,1,0,0,0,0,1,1,1,0,0,1
61,"Cognitive Data Scientist - Internship (Markham, ON)",IBM,"Markham, ON",14 days ago,NIL,1,1,0,0,0,0,0,1,0,0,0,0,1,0,0,0,1,1
62,"Data Scientist - Coop (Mississauga, ON)",IBM,"Mississauga, ON",14 days ago,NIL,1,1,0,0,0,0,0,0,0,0,0,0,1,0,0,0,1,1
63,Data Scientist,Unbounce,"Vancouver, BC",28 days ago,NIL,0,1,1,0,0,0,0,1,0,0,0,0,0,0,0,0,0,0
64,Data Scientist,BRP,"Montréal, QC",14 days ago,NIL,0,1,1,0,0,0,0,1,0,0,1,1,1,0,0,0,0,0
65,Scientifique des données/Data Scientist,Ericsson,"Montréal, QC",18 days ago,NIL,1,1,1,1,0,0,0,1,0,1,0,0,1,1,1,0,0,0
66,Data Scientist (Summer 2020),Livestock Water Recycling Inc.,"Calgary, AB",12 days ago,NIL,1,0,0,0,0,0,0,0,0,0,0,0,1,0,0,0,0,0
67,Part-time Data Science (ASAP),Korbit Technologies Inc.,"Montréal, QC",21 days ago,"$60,000 - $69,000 a year",0,1,0,0,0,0,0,0,0,0,0,0,0,0,0,0,0,0
68,"Data Scientist, Financial Crimes and Cybersecurity, Senior Associate",PwC,"Toronto, ON",30+ days ago,NIL,0,1,1,0,0,0,1,1,0,0,0,0,0,1,0,0,1,1
69,Data Scientist / Data Modeler ID #230,WestCorp Solutions Ltd.,"Fort McMurray, AB",12 days ago,NIL,0,0,0,0,0,0,0,1,0,0,0,0,1,1,0,0,0,0
70,Data Scientist,Accedian Networks,"Ottawa, ON",8 days ago,NIL,1,1,1,1,0,0,1,0,0,0,1,1,1,0,0,0,0,0
71,Data Scientist,Modern Cleaning Concept,"Lasalle, QC",6 days ago,NIL,1,0,0,0,0,0,0,0,0,0,0,0,0,1,0,0,0,0
72,Data Scientist,Loblaw Companies Limited,"Brampton, ON",7 days ago,NIL,1,1,0,0,0,0,0,1,0,0,0,0,0,0,1,0,0,1
73,Machine Learning Engineer / Data Scientist,SoundHound Inc.,"Toronto, ON",30+ days ago,NIL,0,1,0,1,0,0,0,0,0,1,0,1,0,0,0,0,0,0
74,Data Scientist - Price Point - Start-up company,Groom & Associes,"Montréal, QC",11 days ago,NIL,0,0,0,0,0,0,0,0,0,0,0,0,0,0,0,0,0,0
75,"Cognitive Data Scientist - Coop (Markham, ON)",IBM,"Markham, ON",14 days ago,NIL,1,1,0,0,0,0,0,1,0,0,0,0,1,0,0,0,1,1
76,Data Scientist,Canadian Tire,"Welland, ON",30+ days ago,NIL,0,1,1,0,0,0,1,1,0,1,0,0,0,0,0,0,0,0
77,Data Scientist,Veeva Systems,"Toronto, ON",30+ days ago,NIL,1,1,1,0,0,0,0,1,0,0,0,0,1,0,0,0,0,0
78,Data Scientist,Step by Step Professional Services,"Toronto, ON",30+ days ago,NIL,0,0,1,0,0,0,0,0,0,0,0,0,0,0,0,0,0,0
79,"Data Scientist, Customer Data and Insights",World Vision Canada,"Mississauga, ON",30+ days ago,NIL,0,1,0,1,0,0,1,1,0,0,1,0,1,1,0,0,0,0
80,Data Scientist,Intelius Analytics Ltd,"Montréal, QC",26 days ago,NIL,1,1,1,0,0,1,0,1,0,0,0,0,1,1,0,0,0,0
81,Data Scientist - Innovation,IMS - Part of Trak Global Group,"Waterloo, ON",30+ days ago,NIL,0,1,0,0,0,0,0,0,0,1,0,1,0,0,0,0,0,0
82,Coop / Intern- Data Scientist,Ciena,"Ottawa, ON",14 days ago,NIL,1,1,0,0,1,1,0,0,0,0,0,0,1,0,0,0,0,0
83,Research Data Scientist,Vanguard,"Toronto, ON",30+ days ago,NIL,0,1,1,0,0,0,0,0,0,0,0,1,0,1,0,0,0,0
84,Data Scientist,Geotab,"Oakville, ON",30+ days ago,NIL,1,1,0,0,0,0,0,1,0,0,0,1,0,0,0,0,0,0
85,"Research Assistant (Data Science), IISD Experimental Lakes Area",IISD,"Winnipeg, MB",Today,$577 - $673 a week,0,1,1,0,0,0,0,1,0,0,0,0,0,0,0,0,0,0
86,Sr.Analyst / Data Scientist,Loblaw Companies Limited,"Brampton, ON",7 days ago,NIL,0,1,1,0,0,0,0,1,0,0,1,1,1,0,0,0,0,0
87,Data Science Intern & Junior,Intelense INC,"Toronto, ON",12 days ago,$15 - $22 an hour,0,1,1,1,0,0,1,1,0,1,1,1,0,0,0,0,0,0
88,Data Scientist,Zesty.ai,"Montréal, QC",21 days ago,NIL,0,0,0,0,0,0,0,1,0,0,0,0,0,0,0,0,0,0
89,Senior Data Scientist (Toronto),Intact,"Toronto, ON",9 days ago,NIL,0,1,1,0,0,0,0,0,0,0,0,0,1,0,0,0,0,0
90,Senior Data Scientist,Clutch Canada,"Toronto, ON",30+ days ago,NIL,0,1,0,0,0,0,0,1,0,0,0,0,0,0,0,0,0,0
91,Data Scientist,Rock FOC Technology,"Windsor, ON",30+ days ago,NIL,1,1,1,1,0,0,1,1,0,0,1,0,1,0,0,0,0,0
92,Data Scientist,ASSURANCE,"Toronto, ON",30+ days ago,NIL,1,1,1,0,0,0,0,1,0,1,0,0,1,0,0,0,0,0
93,"Data Analyst, Genuine Protection",Autodesk,"Montréal, QC",4 days ago,NIL,1,0,0,0,0,0,0,1,0,0,0,0,0,0,0,1,0,0
94,Biomedical Data Scientist,Myant,"Etobicoke, ON",29 days ago,NIL,0,1,0,0,1,1,0,0,0,0,0,0,0,0,0,0,0,0
95,Sr. Data Scientist,jane.com,"Toronto, ON",7 days ago,NIL,0,1,1,0,0,0,0,1,0,0,0,1,1,0,0,0,0,0
96,Data Scientist (1 Year Contract),Ubisoft,"Toronto, ON",14 days ago,NIL,1,0,0,0,0,0,0,0,0,1,0,0,1,0,0,0,0,0
97,Machine Learning/Artificial Intelligence Data Scientist Intern,AECOM,"Mississauga, ON",30+ days ago,NIL,1,1,1,1,0,0,0,0,0,0,0,0,1,0,0,0,0,1
98,Data Scientist,"CGI Group, Inc.","Ottawa, ON",30+ days ago,NIL,0,1,1,0,0,0,1,1,0,0,1,1,1,1,0,0,0,0
99,Data Science Analyst,KaushiTech Inc.,"Toronto, ON",19 days ago,NIL,0,0,0,0,0,0,0,0,0,0,1,1,0,0,0,0,0,0
100,Business Analyst / Data Analyst,KaushiTech Inc.,"Toronto, ON",6 days ago,NIL,0,1,0,1,0,0,0,1,0,0,0,0,0,0,0,0,0,0
101,"Manager, Data Scientist",Scotiabank,"Toronto, ON",5 days ago,NIL,0,1,0,1,0,0,0,0,0,0,1,1,0,0,0,0,0,0
102,Data Analyst,klik,"Montréal, QC",1 day ago,NIL,1,1,0,0,0,0,0,0,0,0,0,0,1,1,1,0,0,0
103,Data Analyst,Enthusiast Gaming,"Toronto, ON",5 days ago,NIL,1,0,0,0,0,0,0,0,0,0,0,0,0,1,0,0,0,0
104,Senior Data Scientist,Miovision,"Kitchener, ON",15 days ago,NIL,0,1,0,0,0,0,0,1,0,0,0,0,0,0,0,0,0,0
105,Data Scientist,Cerebri AI,"Toronto, ON",30+ days ago,NIL,0,1,1,1,0,0,0,1,0,0,0,1,1,0,0,0,0,0
106,Data Scientist,Imbellus,"Vancouver, BC",30+ days ago,NIL,0,1,1,0,0,0,0,1,0,0,0,0,0,0,0,0,0,0
107,Principal Data Scientist,Vanguard,"Toronto, ON",30+ days ago,NIL,0,1,1,0,0,0,0,0,0,0,0,1,0,1,0,0,0,1
108,Senior Data Scientist (AMA Analytics),Alberta Motor Association,"Edmonton, AB",7 days ago,NIL,0,1,1,0,0,0,0,1,0,0,1,1,0,0,0,0,0,0
109,Data Scientist Intern,Guavus,"Montréal, QC",30+ days ago,NIL,1,1,0,1,0,0,0,0,0,0,1,1,1,0,0,0,0,0
110,Manager- Data Science,Nielsen,"Toronto, ON",2 days ago,NIL,1,1,0,0,0,0,0,1,0,0,0,0,1,1,1,0,0,0
111,Sr. Data Scientist,Fusion Analytics,"Toronto, ON",30+ days ago,NIL,1,1,1,0,0,0,0,0,0,0,0,0,0,0,0,0,1,0
112,University Internship - Data Science,Cerebri AI,"Toronto, ON",15 days ago,NIL,1,1,0,1,0,0,0,1,0,0,0,0,1,0,0,0,0,0
113,Data Scientist / Scientifique en gestion de données,Semex,"Guelph, ON",12 days ago,NIL,0,1,1,0,0,0,0,1,0,0,0,0,0,0,0,0,0,1
114,Data Scientist,Perpetua Labs,"Toronto, ON",30+ days ago,NIL,0,1,0,0,0,0,0,0,0,0,0,0,0,0,0,0,0,0
115,SENIOR DATA SCIENTIST,TMC,"Montréal, QC",30+ days ago,NIL,0,1,0,0,0,1,0,0,0,1,0,0,0,0,0,0,1,0
116,Scientifique des données/ Data Scientist,CAE Inc.,"Saint-Laurent, QC",30+ days ago,NIL,1,1,1,0,0,0,0,0,0,0,0,1,1,0,1,0,0,0
117,Senior Data Scientist,Loblaw Companies Limited,"Brampton, ON",Today,NIL,1,1,1,0,0,0,0,1,0,0,0,0,0,1,0,0,0,0
118,Principal Data Scientist,Rio Tinto,"Montréal, QC",22 days ago,NIL,1,1,1,0,0,1,0,1,0,1,1,1,1,0,0,1,0,0
119,Data Scientist,KoBold Metals,"Vancouver, BC",30+ days ago,NIL,0,1,0,0,0,0,0,1,0,0,0,0,0,0,0,0,0,0
120,Operations Support Coordinator (Data Analytics),Halton Region,"Halton, ON",1 day ago,NIL,1,1,1,1,0,0,0,0,0,0,0,0,0,1,1,1,0,0
121,Scientifique de données - Data Scientist,Aviva,"Montréal, QC",30+ days ago,NIL,1,1,1,0,0,0,0,0,0,0,0,0,0,0,0,0,0,0
122,Data Scientist,Northbridge Financial Corporation,"Toronto, ON",30+ days ago,NIL,1,1,1,0,0,0,1,1,0,0,1,0,1,1,0,0,0,0
123,Data Scientist,Awakedata,Canada,30+ days ago,NIL,1,1,0,1,0,0,0,1,0,0,1,1,1,0,1,0,0,0
124,Principle Data Scientist | Global BI,Ingram Micro,"Toronto, ON",7 days ago,NIL,0,1,1,0,0,0,0,1,0,0,0,1,1,0,0,0,1,1
125,Data Analyst,Game Hive Corporation,"Toronto, ON",8 days ago,NIL,0,1,1,0,0,0,0,1,0,1,0,0,0,0,0,0,0,0
126,"Data Scientist, Manager",KPMG,"Toronto, ON",30+ days ago,NIL,1,0,0,0,0,0,0,0,0,0,0,0,0,0,1,0,0,0
127,Data Science Intern,BOEING,"Vancouver, BC",5 days ago,NIL,0,1,0,1,1,0,0,0,0,0,1,1,0,0,0,0,0,0
128,Data Analyst,Mistplay,"Montréal, QC",27 days ago,"$65,000 - $85,000 a year",1,1,1,0,0,1,1,1,0,0,1,0,0,0,0,0,0,0
129,Data Scientist,RBC,"Toronto, ON",27 days ago,NIL,0,1,1,1,0,0,0,1,0,0,1,1,0,0,0,0,0,0
130,Data Scientist,integrate.ai,"Toronto, ON",30+ days ago,NIL,1,1,1,0,0,0,1,1,0,0,1,1,1,0,1,0,0,0
131,Data Analyst,Sunnyfuture Group,"Vancouver, BC",29 days ago,NIL,1,0,0,0,0,0,1,1,1,1,0,0,1,0,0,0,0,0
132,Senior Data Scientist,Digital Extremes Ltd.,"London, ON",30+ days ago,NIL,1,1,0,0,0,0,0,1,0,0,0,0,1,0,0,0,0,0
133,Data Scientist,Thomson Reuters,"Toronto, ON",6 days ago,NIL,0,1,0,0,0,0,0,0,0,0,0,0,0,0,0,0,0,0
134,Data Scientist,Lightspeed ENG,"Montréal, QC",30+ days ago,NIL,0,1,1,0,0,0,0,1,0,0,0,0,0,0,0,0,0,1
135,Data Science/ AI Engineer,Mistplay,"Montréal, QC",27 days ago,"$70,000 - $120,000 a year",0,1,0,1,0,0,0,0,0,0,0,1,0,0,0,0,0,0
136,data scientist,Fintelics,"North York, ON",29 days ago,"$68,500 a year",1,1,0,1,0,0,0,1,0,0,1,0,1,1,0,1,1,0
137,Data Scientist,OpenText,"Montréal, QC",30+ days ago,NIL,0,1,1,0,0,0,0,0,0,0,1,1,0,1,0,0,0,1
138,Machine Learning Scientist,Fluent.ai,"Montréal, QC",30+ days ago,NIL,0,1,0,0,0,0,0,0,0,0,0,0,1,0,0,0,0,0
139,Data Analyst Intern,IQVIA,"Kanata, ON",30+ days ago,NIL,1,0,0,0,0,0,0,0,0,0,0,0,1,0,0,0,0,0
140,SENIOR DATA SCIENTIST,Temetrix,"Ottawa, ON",30+ days ago,NIL,1,1,1,0,0,1,0,0,0,0,1,1,1,0,0,0,0,1
141,Research Data Scientist,RBC,"Toronto, ON",27 days ago,NIL,1,1,1,1,0,0,0,1,0,0,1,1,0,1,1,0,0,0
142,Data Scientist,ApplyBoard,"Kitchener, ON",30+ days ago,NIL,0,1,0,0,0,0,0,0,0,1,0,1,0,0,0,0,0,0
143,Data Science Manager (Multiple Roles),Shopify,"Vancouver, BC",6 days ago,NIL,0,1,0,0,0,0,0,0,0,1,0,1,0,0,0,0,0,1
144,"Data Scientist, People Analytics",Loblaw Companies Limited,"Brampton, ON",7 days ago,NIL,1,1,1,0,0,0,0,1,0,1,0,0,0,0,1,0,0,1
145,Senior Data Scientist,Lixar I.T. Inc.,"Ottawa, ON",14 days ago,NIL,1,1,0,0,0,0,0,1,0,0,0,0,0,0,0,0,0,0
146,"Manager, Data Science & Analytics",Consumer Protection,"Victoria, BC",8 days ago,"$66,513 - $76,001 a year",1,0,0,0,0,0,0,1,0,0,0,0,1,1,1,1,0,1
147,Scientifique de Données / Data Scientist,Square Enix Montréal,"Montréal, QC",30+ days ago,NIL,1,1,0,0,0,0,0,0,0,1,0,1,1,1,0,0,0,0
148,Data Scientist,MobSquad,"Calgary, AB",30+ days ago,NIL,1,1,1,1,0,1,0,1,0,0,1,1,1,0,0,0,0,0
149,Data Scientist,Liquid Analytics,Canada,30+ days ago,NIL,0,1,0,0,0,0,0,0,0,0,0,0,1,0,0,0,0,0
150,"Senior Manager, Data Scientist",Scotiabank,"Toronto, ON",5 days ago,NIL,0,1,0,1,0,0,0,0,0,0,1,1,0,0,0,0,0,0
151,Senior Data Scientist (2 Roles),Parkland Fuel Corporation,"Calgary, AB",18 days ago,NIL,0,1,1,1,0,0,0,1,0,0,1,1,1,0,1,0,0,1
152,Data Science / Librarian,Nimonik Inc,"Montréal, QC",30+ days ago,"$60,000 a year",0,0,0,0,0,0,0,0,0,0,0,0,0,0,0,0,0,0
153,Senior Data Scientist // Scientifique des données senior,SSENSE,"Montréal, QC",30+ days ago,NIL,1,1,0,0,0,0,0,1,0,0,0,1,0,0,0,0,0,0
154,Data Scientist - Senior,Lixar I.T. Inc.,"Ottawa, ON",28 days ago,NIL,1,1,1,0,0,0,0,1,0,1,0,1,1,1,1,0,0,0
155,"Research Scientist, Data Visualization",Autodesk,"Toronto, ON",30+ days ago,NIL,1,0,0,0,0,0,0,0,0,0,0,0,1,0,0,0,0,0
156,Data Scientist - Marketing (m/f/d),MegaZebra GmbH,"Montréal, QC",30+ days ago,NIL,0,0,0,0,0,0,0,1,0,0,0,0,0,0,0,0,0,0
157,Data Scientist,Adviso,"Montréal, QC",19 days ago,NIL,0,1,1,1,0,0,0,1,0,0,0,0,0,0,0,0,0,0
158,Data Scientist,Restaurant Brands International,"Toronto, ON",30+ days ago,NIL,0,1,1,0,0,0,0,1,0,1,0,0,0,0,0,0,0,0
159,"Senior Data Analyst, Genuine Protection",Autodesk,"Montréal, QC",4 days ago,NIL,1,0,0,0,0,0,0,1,0,0,0,0,0,0,0,1,0,0
160,Data Scientist,InSync,"Edmonton, AB",30+ days ago,NIL,1,1,0,0,0,0,0,0,0,0,0,0,1,0,0,0,1,0
161,"Manager, Data Science",Intact,"Toronto, ON",Today,NIL,0,0,0,0,0,0,0,0,0,0,0,0,1,0,0,0,0,1
162,Senior Data Scientist,Praemo,"Kitchener, ON",7 days ago,NIL,0,1,0,0,0,0,0,0,0,0,0,0,0,0,0,0,0,0
163,Senior Data Scientist - QuantumBlack,McKinsey & Company,"Montréal, QC",30+ days ago,NIL,1,1,1,0,0,0,0,1,0,0,0,0,1,1,0,0,0,1
164,Senior Data Scientist,SOTI Inc.,"Mississauga, ON",30 days ago,NIL,0,1,0,0,0,0,0,1,0,1,1,1,1,0,0,0,0,1
165,Senior Data Scientist,SAP,"Vancouver, BC",30+ days ago,NIL,0,1,1,1,1,0,0,1,0,0,0,0,0,0,0,0,0,0
166,"Data Scientist, People Analytics",Restaurant Brands International,"Toronto, ON",30+ days ago,NIL,0,1,1,0,0,0,0,1,0,0,0,0,0,0,0,0,0,1
167,Data Analyst,360insights,"Whitby, ON",30+ days ago,NIL,0,1,1,0,0,0,0,1,0,0,0,0,0,1,0,0,0,1
168,Machine Learning Developer,Metricsflow,"St. John's, NL",30+ days ago,NIL,1,1,0,0,0,0,0,0,0,0,0,0,1,0,0,0,0,0
169,"Data Scientist, Team Lead",KPMG,"Toronto, ON",30+ days ago,NIL,1,0,0,0,0,0,0,0,0,0,0,0,0,0,0,0,0,0
170,"Director, Data Science / Sr. Data Scientist",Loblaw Companies Limited,"Brampton, ON",7 days ago,NIL,1,1,0,0,0,0,0,1,0,0,0,0,0,0,1,0,0,1
171,Data Scientist,Ruby,"Toronto, ON",30+ days ago,NIL,0,1,0,0,0,0,0,1,0,0,1,1,0,0,0,0,0,1
172,Senior Data Scientist - NLP,DRW Trading Group,"Montréal, QC",22 days ago,NIL,1,1,1,0,0,0,0,1,0,0,0,1,1,0,0,0,0,0
173,"Manager, Data Science & Analytics",Consumer Protection BC,"Victoria, BC",8 days ago,"$66,513 - $76,001 a year",1,0,0,0,0,0,0,1,0,0,0,0,0,1,0,1,0,0
174,Associate Program (Paris/Montréal) - Data Science,Sia Partners,"Montréal, QC",2 days ago,NIL,0,0,0,0,0,0,0,0,0,0,0,0,0,0,0,0,1,0
175,Senior Data Scientist,sgsco,"Toronto, ON",30+ days ago,NIL,0,0,0,0,0,0,0,0,0,0,0,0,0,0,0,0,0,1
176,Principal Data Scientist | Global BI,Ingram Micro,"Toronto, ON",7 days ago,NIL,0,1,1,0,0,0,0,1,0,0,0,1,1,0,0,0,1,1
177,Data Scientist,MindGeek Careers,"Montréal, QC",30+ days ago,NIL,0,1,1,1,1,0,0,1,0,0,0,0,0,0,0,0,0,1
178,Environmental Data Scientist,SNC-Lavalin,"Ottawa, ON",30+ days ago,NIL,1,0,0,0,0,0,0,1,0,0,0,0,1,0,1,1,1,0
179,"Manager, Data & Analytics",Homeward Trust Edmonton,"Edmonton, AB",6 days ago,NIL,1,1,1,0,0,0,0,1,1,1,0,0,1,0,0,0,0,1
180,Data Scientist: Product Research Lead,Local Logic,"Montréal, QC",26 days ago,NIL,0,0,0,0,0,0,0,0,0,0,0,0,0,0,0,0,0,0
181,Data Scientist- CO-OP,Loblaw Companies Limited,"Brampton, ON",7 days ago,NIL,1,1,1,1,0,0,1,1,0,1,1,1,0,0,0,0,0,1
182,Applied Scientist (Toronto),Yelp,"Toronto, ON",13 days ago,NIL,0,1,1,0,0,0,0,1,0,0,0,1,0,0,0,0,0,0
183,Machine Learning Careers @ QUALCOMM Canada,Qualcomm,"Markham, ON",30+ days ago,NIL,0,0,0,0,0,0,0,0,0,0,0,0,0,0,0,0,0,0
184,Lead Data Scientist,GoSecure CounterTack Inc.,"Ottawa, ON",30+ days ago,NIL,1,1,0,1,0,0,0,1,0,0,1,0,1,0,0,0,0,0
185,Senior Data Scientist,reebee,"Kitchener, ON",30+ days ago,NIL,0,1,0,0,0,0,0,1,0,0,0,0,1,0,0,0,0,0
186,Applied Statistician - Data Science,Paytm,"Toronto, ON",30+ days ago,NIL,1,1,0,0,0,0,0,1,0,0,0,0,1,0,0,0,0,0
187,Senior Big Data Developer,DRVN Intelligence Inc.,"Toronto, ON",13 days ago,NIL,1,0,0,0,0,0,0,1,0,0,0,0,0,0,0,0,0,0
188,Senior Data Scientist,BrainFinance,"Montréal, QC",27 days ago,NIL,1,1,0,0,0,0,0,1,0,0,0,1,1,1,0,0,0,0
189,Senior Data Analyst,Vendasta Technologies,"Saskatoon, SK",13 days ago,NIL,0,0,0,0,0,0,0,1,0,0,0,0,1,1,0,0,0,1
190,Data Science Instructor (March 9 - 13),RED Academy,"Toronto, ON",1 day ago,NIL,0,1,0,0,0,0,0,0,0,0,0,0,1,0,0,0,0,0
191,Marketing and Data Scientist,Venture Communications,"Calgary, AB",30+ days ago,NIL,1,1,0,0,0,0,0,0,0,0,0,0,1,0,1,0,0,0
192,"Senior Analyst - Data Scientist, Centre of Excellence",Nutrien Ltd.,"Calgary, AB",15 days ago,NIL,1,0,0,0,0,0,0,0,0,1,0,0,1,0,0,0,0,0
193,Senior Data Analyst,Wattpad,"Toronto, ON",18 days ago,NIL,1,1,0,0,0,0,0,1,0,0,0,0,1,1,0,0,0,1
194,Data Scientist,BMO Financial Group,"Toronto, ON",30+ days ago,NIL,1,1,1,0,0,0,1,0,0,0,0,0,1,0,1,0,0,0
195,Business Process & Data Analyst,University Health Network,"Toronto, ON",6 days ago,"$65,535 - $81,000 a year",1,0,0,0,0,0,0,0,0,0,0,0,1,0,0,1,0,0
196,Data Scientist,Ubisoft,"Montréal, QC",19 days ago,NIL,1,0,0,0,0,0,0,0,0,0,1,0,1,0,0,0,0,0
197,Web Data Analyst,Investing News Network,"Toronto, ON",4 days ago,NIL,1,0,0,0,0,0,1,1,1,0,0,0,1,0,0,0,0,0
198,Senior Data Analyst,St. Joseph's Healthcare Hamilton,"Hamilton, ON",1 day ago,NIL,1,0,0,0,0,0,0,1,0,0,0,0,1,1,1,0,0,1
199,Data Analyst,"Via Science, Inc.   ","Montréal, QC",30 days ago,NIL,1,1,1,0,0,0,0,1,0,0,0,0,1,0,0,0,0,0
200,Data Analyst,"Via Science, Inc.   ","Montréal, QC",30 days ago,NIL,1,1,1,0,0,0,0,1,0,0,0,0,1,0,0,0,0,0
201,"Data Scientist, Computer Vision",Shutterstock,"Montréal, QC",30+ days ago,NIL,1,1,0,1,1,0,0,1,0,0,0,1,0,0,0,0,0,0
202,Data Science Director,Appnovation Technologies,"Toronto, ON",1 day ago,NIL,1,1,1,0,0,0,0,1,1,1,0,0,1,0,0,0,0,1
203,Data Scientist - RACE21,Teck Resources Limited,"Vancouver, BC",30+ days ago,NIL,1,0,1,0,0,0,0,0,0,0,0,0,1,1,1,0,0,1
204,Machine Learning Engineer/Scientist,Nanometrics Inc,"Ottawa, ON",30+ days ago,NIL,0,1,0,0,1,1,0,0,0,0,0,0,0,0,0,0,0,0
205,Data Scientist - Wealth,BMO Financial Group,"Toronto, ON",7 days ago,NIL,0,1,1,0,0,0,1,1,1,0,1,1,1,0,1,0,1,1
206,Data Analytics Specialist,S M Software Solutions Inc.,"Edmonton, AB",30+ days ago,NIL,0,0,0,0,0,0,0,0,0,0,0,0,0,0,0,0,0,0
207,Data Engineer or Scientist - Product Owner,Bombardier,"Dorval, QC",7 days ago,NIL,0,1,1,0,0,0,0,0,0,0,0,0,1,0,0,0,0,0
208,Data Science Engineer,Manulife,"Toronto, ON",21 days ago,NIL,1,1,0,0,0,0,0,1,0,0,0,0,0,0,0,0,0,1
209,Veterinary machine learning data collection reader,Talkatoo,"Halifax, NS",30+ days ago,$20 an hour,1,0,0,0,0,0,0,0,0,0,0,0,1,0,0,0,0,0
210,Senior Data Scientist - NLP,DRW,"Montréal, QC",30+ days ago,NIL,1,1,1,0,0,0,0,1,0,0,0,1,1,0,0,0,0,0
211,Marketing Data Scientist,Relation1,"Montréal, QC",30+ days ago,NIL,1,1,0,0,0,0,1,1,1,0,1,1,1,1,0,0,0,0
212,Machine Learning Engineer,Adeptmind Inc.,"Toronto, ON",5 days ago,NIL,0,1,0,0,0,0,0,0,0,0,0,0,1,0,0,0,0,1
213,Data Science Co-op,Clearbanc,"Toronto, ON",30+ days ago,NIL,0,1,0,0,0,0,0,1,0,0,0,0,0,0,0,0,0,1
214,Learn more about our Digital Analytics team!,Scotiabank,"Toronto, ON",30+ days ago,NIL,0,1,1,0,0,0,0,0,0,0,1,0,0,0,0,0,0,0
215,CANADA DATA SCIENCE,First Derivatives plc,Canada,30+ days ago,NIL,0,0,0,0,0,0,0,0,0,0,0,0,0,0,0,0,1,0
216,Data Analyst,Symend,"Calgary, AB",4 days ago,NIL,1,1,1,0,0,0,1,1,0,1,1,0,1,1,1,0,0,1
217,Data Analyst - Contract,Rakuten Kobo Inc.,"Toronto, ON",9 days ago,NIL,1,1,0,0,0,0,0,1,0,1,1,1,1,1,0,0,0,0
218,"Business Development, Data Science and Analytics",Blackline Safety,"Calgary, AB",7 days ago,NIL,1,0,0,0,0,0,0,0,0,0,0,0,0,1,0,0,1,0
219,Data Analyst,Neo Media World,"Toronto, ON",26 days ago,NIL,1,1,0,0,0,0,0,1,0,1,0,0,1,1,1,0,0,0
220,Vice President of Data & Analytics,Red River Mutual,"Winnipeg, MB",4 days ago,NIL,1,0,0,0,0,0,0,0,0,0,0,0,0,0,0,0,0,1
221,Data Scientist-Fraud Analytics,BMO Financial Group,"Toronto, ON",30+ days ago,NIL,0,1,1,0,0,0,0,1,0,0,1,1,1,0,1,0,0,0
222,Intern - Data Science,MightyHive,"Toronto, ON",30 days ago,NIL,0,1,1,0,0,0,0,0,0,0,0,0,0,0,0,0,1,0
223,Senior Data Scientist - Air,Hopper,"Montréal, QC",30+ days ago,NIL,0,0,1,0,0,0,1,1,0,0,0,0,0,0,0,0,0,0
224,Analytics - Analytics Generalist - Senior Associate,PwC,"Toronto, ON",30+ days ago,NIL,0,1,0,0,0,0,1,1,0,0,0,1,1,0,1,0,1,1
225,"Python Software Developer, Data Science",RS Energy Group,"Calgary, AB",14 days ago,NIL,0,1,0,0,0,0,0,0,0,0,0,1,1,0,0,0,0,0
226,Senior Business Data Analyst,Athena Software,"Waterloo, ON",8 days ago,NIL,1,0,0,0,0,0,0,1,0,1,0,0,1,1,0,0,0,0
227,Senior Data Analyst,Tangam Systems,"Waterloo, ON",30+ days ago,NIL,1,0,0,0,0,0,0,1,0,1,0,0,1,0,0,0,1,0
228,Senior Operations Data Analyst,GENENTECH,"Mississauga, ON",4 days ago,NIL,1,1,1,0,0,0,1,1,0,0,0,0,1,1,0,0,1,0
229,Machine Learning-Summer Internship,Prepr,"Toronto, ON",1 day ago,NIL,0,0,0,1,0,0,0,0,0,0,0,0,0,0,0,0,0,0
230,Machine Learning Scientist,eSentire,"Waterloo, ON",29 days ago,NIL,0,1,0,0,1,0,0,0,0,0,1,1,0,0,0,0,0,0
231,Data Science Manager - People Analytics,Shopify,"Ottawa, ON",30+ days ago,NIL,0,1,0,0,0,0,0,1,0,1,0,0,0,0,0,0,0,1
232,"VP, Data Science",Blackhawk Network,"Toronto, ON",20 days ago,NIL,0,0,0,0,0,0,0,0,0,0,0,0,0,1,0,0,0,1
233,Toronto AI Lab: AI / Machine Learning Scientist,LG Electronics,"Toronto, ON",30+ days ago,NIL,0,1,1,1,1,1,0,0,0,0,0,0,1,0,0,0,0,1
234,Data Science Customer Engineer (Ottawa),h2o.ai,"Ottawa, ON",27 days ago,NIL,1,1,1,1,0,0,0,0,0,0,1,1,1,0,0,0,0,0
235,PRODUCT DESIGNER (DIGITAL AND DATA SCIENCE),The Globe and Mail,"Toronto, ON",29 days ago,NIL,0,0,0,0,0,0,0,0,0,0,0,0,1,0,0,0,0,0
236,Principal NLP Scientist,gdR,"Toronto, ON",6 days ago,NIL,0,0,0,0,0,0,0,0,0,0,0,0,0,0,0,0,0,1
237,Senior Software Developer - Data Science,Farmers Edge,"Lethbridge, AB",14 days ago,NIL,0,1,0,0,0,0,0,0,0,0,0,0,0,0,0,0,0,0
238,"Data Science - Coop (Calgary, AB)",IBM,"Calgary, AB",14 days ago,NIL,1,1,0,0,0,0,0,1,0,0,0,1,0,0,0,0,1,1
239,"Data Analytics Manager, Genuine Protection",Autodesk,"Montréal, QC",30+ days ago,NIL,1,0,0,0,0,0,0,1,0,0,0,0,0,0,0,1,0,0
240,Clinical Trials Data Analyst,IQVIA,"Ottawa, ON",30+ days ago,NIL,1,0,1,0,0,0,1,1,0,0,0,0,1,0,0,0,0,0
241,Applied Scientist,Samasource,"Montréal, QC",30+ days ago,NIL,0,1,0,0,0,0,0,0,0,0,0,0,0,0,0,0,0,0
242,Sr. Operations Data Analyst,Genworth Canada,"Oakville, ON",6 days ago,NIL,0,0,0,0,0,0,0,0,0,1,0,0,1,0,0,0,0,0
243,Data Science Manager,"AMZN CAN Fulfillment Svcs, ULC","Vancouver, BC",6 days ago,NIL,1,0,0,0,0,0,0,0,0,0,0,0,1,0,0,0,0,1
244,Machine Learning Developer,Resolver,"Toronto, ON",1 day ago,NIL,1,0,0,0,0,0,0,0,0,0,0,0,0,0,0,0,0,0
245,Research Scientist - Deep Learning,NVIDIA,"Toronto, ON",30+ days ago,NIL,1,0,0,0,1,0,0,0,0,0,0,0,0,0,0,0,0,0
246,Senior Data Scientist - Private Wealth,BMO Financial Group,"Toronto, ON",11 days ago,NIL,0,1,1,0,0,0,1,1,1,0,1,1,1,0,1,0,0,1
247,Data Science Team Lead,Loblaw Digital,"Toronto, ON",30+ days ago,NIL,0,1,0,0,0,0,0,1,0,1,1,1,1,0,0,1,0,1
248,Manager Data Science,TripleLift,"Waterloo, ON",6 days ago,NIL,1,1,1,1,0,0,0,1,0,0,0,1,0,0,0,0,0,1
249,Director - Data Science,Sun Life Financial,"Waterloo, ON",30+ days ago,NIL,1,1,0,0,0,0,1,1,0,0,0,0,1,1,1,0,0,0
250,Data Scientist - Advertising & Attribution,Article,"Vancouver, BC",30+ days ago,NIL,0,1,0,0,0,0,0,1,0,0,0,0,0,0,0,0,0,0
251,Data Science Analyst,Loblaw Companies Limited,"Brampton, ON",7 days ago,NIL,1,1,0,0,0,0,0,1,0,0,0,0,0,0,1,0,0,1
252,Senior Data Science Consultant,PHSA,"Vancouver, BC",21 days ago,NIL,0,0,1,0,0,0,1,1,1,1,0,0,1,1,0,1,0,1
253,Deep Learning and NLP Scientist,RSVP.ai,"Waterloo, ON",30+ days ago,NIL,1,0,0,0,0,0,0,0,0,0,0,0,1,1,0,0,0,0
254,Senior Data Analyst - BioWare,Electronic Arts,"Edmonton, AB",30+ days ago,NIL,1,1,1,0,0,0,0,1,0,1,0,0,0,1,1,0,0,0
255,Senior Data Scientist,BMO Financial Group,"Toronto, ON",30+ days ago,NIL,1,1,1,0,0,0,1,0,0,0,0,0,1,0,1,0,0,0
256,Data Science Consultant,Planaxis | Groupaxis,"Montréal, QC",30+ days ago,NIL,1,1,0,0,0,0,0,1,0,0,1,0,1,0,0,0,0,0
257,Senior Managing Consultant - Data Scientist,Antuit,"Toronto, ON",30+ days ago,NIL,1,1,0,0,0,0,1,0,0,0,0,1,1,1,1,0,0,1
258,Intern- Data Science,Moneris Solutions Corporation,"Etobicoke, ON",20 days ago,NIL,0,1,0,1,0,0,0,1,0,0,0,1,1,0,1,0,0,0
259,Scientifique des données principal - Senior data scientist,LGS,"Quebec City, QC",28 days ago,NIL,1,1,1,1,0,0,0,1,0,0,1,1,1,0,0,0,0,1
260,Customer Analytics and Data Science Associate Consultant,Eli Lilly,"Toronto, ON",30+ days ago,NIL,1,1,1,0,0,0,1,1,0,1,1,0,1,1,0,1,0,0
261,Cloud Solution Architect (Data & AI),Microsoft,"Calgary, AB",7 days ago,NIL,1,1,0,0,0,0,0,1,0,1,1,1,1,1,1,0,1,0
262,Product Manager - Data Science & Engineering,Shopify,"Toronto, ON",30+ days ago,NIL,1,0,0,0,0,0,0,0,0,0,0,1,1,0,0,0,0,1
263,Data Scientist Intern - Summer 2020,Thomson Reuters,"Kitchener, ON",15 days ago,NIL,0,1,0,1,0,0,0,1,0,0,0,0,0,0,0,0,0,0
264,Data Science Engineer,Baker Hughes,"Calgary, AB",30+ days ago,NIL,0,1,0,1,1,1,0,0,0,0,0,0,0,0,0,0,0,0
265,Machine Learning/Data Engineer,Xanadu Quantum Technologies Inc.,"Toronto, ON",30+ days ago,NIL,0,1,0,1,1,0,0,0,0,0,1,1,0,1,0,0,0,0
266,"Analyst, Partner Analytics",Flipp,"Toronto, ON",25 days ago,NIL,0,1,1,0,0,0,0,1,0,1,0,0,1,0,0,0,0,0
267,Data Science Team Lead,Fintelics,"Toronto, ON",30 days ago,"$68,500 a year",0,0,0,0,0,0,0,0,0,0,0,0,0,0,0,0,0,0
268,iOS SOFTWARE DEVELOPER (DIGITAL AND DATA SCIENCE),The Globe and Mail,"Toronto, ON",12 days ago,NIL,0,0,0,0,0,0,0,0,0,0,0,0,0,0,0,0,0,0
269,Machine Learning Developer,Absorb LMS,"Calgary, AB",30 days ago,NIL,0,1,0,0,1,0,0,1,0,0,0,0,0,0,0,0,0,0
270,Machine Learning Developer,Resolver Inc.,"Toronto, ON",2 days ago,NIL,1,0,0,0,0,0,0,0,0,0,0,0,0,0,0,0,0,0
271,"Director, Data Science",Intact,"Montréal, QC",6 days ago,NIL,1,0,0,0,0,0,0,0,0,0,0,0,1,1,0,0,0,0
272,Back-end Software Engineer Co-Op (Summer 2020) - Machine Learning,Splunk,"Vancouver, BC",15 days ago,NIL,0,1,0,1,0,0,0,0,0,0,0,0,1,0,0,0,0,1
273,Machine Learning Scientist,integrate.ai,"Toronto, ON",30+ days ago,NIL,0,1,0,0,0,0,0,0,0,0,0,1,0,1,0,0,0,0
274,Senior Data Analyst,Electronic Arts,"Vancouver, BC",30+ days ago,NIL,1,1,1,0,0,0,0,1,0,1,0,0,0,1,1,0,0,0
275,Data Science Manager - Canada,Capgemini,"Toronto, ON",14 days ago,NIL,1,0,0,1,1,1,1,0,0,0,1,1,1,0,0,0,1,1
276,Director of Data and Analytics,Unbounce,"Vancouver, BC",25 days ago,NIL,0,0,0,0,0,0,0,0,0,0,0,0,1,0,0,0,0,1
277,"Senior Data Scientist, Computer Vision",Shutterstock,"Montréal, QC",30+ days ago,NIL,1,1,0,1,1,0,0,1,0,0,0,1,0,0,0,0,0,0
278,Data Engineer - BI & Data Science,Paytm,"Toronto, ON",30+ days ago,NIL,0,1,0,1,0,0,0,1,0,0,0,1,1,1,0,0,0,0
279,Data Science Lead,BrainFinance,"Montréal, QC",27 days ago,NIL,0,1,0,0,0,0,0,1,0,0,0,1,0,1,0,1,0,0
280,Analytics Business Operations Intern,BOEING,"Vancouver, BC",5 days ago,NIL,1,0,0,0,0,0,0,0,0,0,0,0,1,1,0,0,0,0
281,Senior Data Scientist – Model Validation & Governance,Manulife,"Toronto, ON",21 days ago,NIL,1,1,1,0,0,0,1,1,0,0,0,0,1,1,0,0,0,1
282,Machine Learning Computer Scientist,TandemLaunch,"Montréal, QC",30+ days ago,NIL,0,1,0,0,0,0,0,0,0,0,0,0,1,0,0,0,0,0
283,Senior Data Analyst (CRX),Behavox,"Montréal, QC",1 day ago,NIL,0,1,0,1,0,0,0,0,0,0,0,0,0,0,0,0,0,0
284,"Summer Camp Instructors - Film, Ableton, AI & Data Science, + More!",Digital Media Academy,"Vancouver, BC",30+ days ago,"$1,000 a week",1,1,0,1,0,0,0,0,0,0,0,0,1,0,0,0,0,0
285,Machine Learning Scientist (all levels),Expedia Group,"Montréal, QC",30+ days ago,NIL,0,1,0,1,0,0,0,0,0,0,1,1,0,0,0,0,0,1
286,NLP Scientist,Alexsei,"Toronto, ON",30+ days ago,NIL,0,1,0,1,0,0,0,1,0,0,0,0,1,1,0,0,0,0
287,Applied Machine-Learning Engineer (NLP),RSVP.ai,"Waterloo, ON",30+ days ago,"$95,000 - $160,000 a year",0,1,0,1,0,0,0,0,0,0,0,0,1,0,0,0,0,0
288,"Technical Product Director, Data Analytics",Central 1 Credit Union,"Vancouver, BC",13 days ago,NIL,0,1,1,0,0,1,0,0,0,0,1,1,0,0,0,0,0,1
289,Research Scientist Intern - Deep Learning,NVIDIA,"Toronto, ON",30+ days ago,NIL,1,1,0,0,1,1,0,0,0,0,0,0,1,0,0,0,0,0
290,Senior Data Analyst,Manulife,"Waterloo, ON",18 days ago,NIL,1,0,0,0,0,0,1,0,0,0,0,0,1,0,1,1,0,1
291,Data Science Manager - Risk Algorithms,Shopify,"Ottawa, ON",30+ days ago,NIL,0,1,0,0,0,0,0,0,0,1,0,1,0,0,0,0,0,1
292,Senior Data Analyst,Ludia,"Montréal, QC",5 days ago,NIL,0,1,0,0,0,0,0,1,0,1,0,1,0,0,0,0,0,0
293,"Manager, Data Engineering - Machine Learning, Global Risk Management",Scotiabank,"Toronto, ON",5 days ago,NIL,0,1,0,0,0,0,0,0,0,0,0,1,0,1,0,0,0,0
294,Data Science Team Lead - AlphaLayer,AltaML Inc./Janalta Interactive Inc.,"Edmonton, AB",7 days ago,NIL,0,1,0,0,0,0,0,0,0,0,0,0,0,0,0,0,0,0
295,BI Developer,MSi Corp.,"Ottawa, ON",30+ days ago,$40 - $50 an hour,1,1,1,0,0,0,0,1,0,0,0,0,1,0,0,0,0,0
296,Machine Learning Engineers / Machine Vision Engineers (two positions available),Orthogone Technologies,"Dorval, QC",30+ days ago,NIL,1,1,0,0,0,1,0,0,0,0,0,0,1,0,0,0,1,0
297,BI / Big Data Developer,Ubisoft,"Montréal, QC",12 days ago,NIL,1,1,0,1,1,0,0,1,0,0,1,1,1,0,0,0,0,0
298,Senior Language and Data Analyst,Two Hat,"Kelowna, BC",30+ days ago,NIL,1,1,1,0,0,0,0,1,0,1,0,0,0,0,0,1,0,0
299,Machine Learning Software Engineer,Qualcomm,"Markham, ON",Today,NIL,1,1,0,1,0,0,0,0,0,0,0,0,1,1,0,0,0,0
300,Research Scientist (AI),Facebook,"Montréal, QC",30+ days ago,NIL,0,1,0,1,1,0,0,0,0,0,0,0,0,1,0,0,0,0
301,"Director, Enterprise Analytics & Data Science",Coast Capital Savings,"Surrey, BC",12 days ago,NIL,0,0,0,0,0,0,1,1,1,1,0,0,1,1,0,0,0,1
302,Statistician II,IQVIA,"Kirkland, QC",30+ days ago,NIL,0,0,0,0,0,0,1,0,0,0,0,0,1,1,0,0,0,0
303,"Applied Scientist, Alexa AI","AMZN CAN Fulfillment Svcs, ULC","Toronto, ON",30+ days ago,NIL,0,1,1,0,0,1,0,0,0,0,0,0,1,1,1,0,0,0
304,Applied Research Scientist,BrainFinance,"Montréal, QC",27 days ago,NIL,1,1,0,0,0,0,0,1,0,0,0,1,1,1,0,0,0,0
305,"Director, Data Engineering and Data Science",Bond Brand Loyalty,"Mississauga, ON",15 days ago,NIL,1,1,0,0,0,0,0,0,0,0,0,1,0,0,0,0,0,1
306,Postdoctoral Fellowship - Machine Learning and Generative Design,Concordia University,"Montréal, QC",12 days ago,"$47,500 a year",1,0,0,0,0,0,0,0,0,0,0,0,0,0,0,0,0,1
307,Machine Learning Engineer,Skycope Technologies Inc,"Vancouver, BC",20 days ago,$30 - $65 an hour,0,1,0,0,1,0,0,1,0,0,0,0,1,0,0,0,0,0
308,Senior Consultant (Data Scientist) - Client Insights and Data Delivery,Sun Life Financial,"Toronto, ON",20 days ago,NIL,0,0,0,0,0,0,1,0,0,0,0,1,1,1,0,0,0,0
309,Consultant/Senior Consultant – Global Infrastructure Advisory,KPMG,"Ottawa, ON",30+ days ago,NIL,1,1,1,0,0,0,1,1,0,1,0,0,0,1,1,1,0,0
310,"Summer Camp Instructors - Ableton, Java, AI & Data Science, Film + More!",Digital Media Academy,"Toronto, ON",30+ days ago,"$1,000 a week",1,0,0,1,0,0,0,0,0,0,0,0,1,0,0,0,0,0
311,Business Intelligence Analyst,GLENTEL,"Burnaby, BC",2 days ago,NIL,1,1,1,0,0,0,0,1,0,0,0,0,1,1,0,0,0,0
312,Applied Scientist II,"AMZN CAN Fulfillment Svcs, ULC","Vancouver, BC",30+ days ago,"$127,400 - $212,700 a year",0,0,0,0,0,0,0,0,0,0,1,0,0,0,0,1,0,0
313,Data Science Team Lead,AltaML Inc./Janalta Interactive Inc.,"Toronto, ON",30+ days ago,NIL,0,1,0,0,0,0,0,0,0,0,0,0,0,0,0,0,0,0
314,Senior Data Scientist,Rubikloud Technologies,"Toronto, ON",30+ days ago,NIL,0,1,0,0,0,0,0,1,0,0,1,1,1,0,0,0,0,0
315,Développeur Big Data (Paris),Planaxis | Groupaxis,"Montréal, QC",30+ days ago,NIL,0,0,0,1,0,0,0,0,0,0,1,1,0,0,0,0,0,0
316,"SAP - Data and Analytics Specialist, Omnia AI",Deloitte,"Toronto, ON",22 days ago,NIL,0,0,0,0,0,0,0,0,0,0,0,0,0,0,0,0,0,1
317,Senior Data Analyst - Air,Hopper,"Montréal, QC",30+ days ago,NIL,0,0,1,0,0,0,1,1,0,0,0,0,0,0,0,0,0,0
318,Senior Data Analyst,TD Bank,"Toronto, ON",22 days ago,NIL,0,1,1,0,0,0,0,1,0,1,1,0,0,0,0,0,0,1
319,Consultant CRM / Data / BI (France),Planaxis | Groupaxis,"Montréal, QC",30+ days ago,NIL,0,0,0,0,0,0,0,0,0,0,0,0,0,0,0,0,0,0
320,Data Scientist (expert in recommender systems),Frank And Oak,"Montréal, QC",30+ days ago,NIL,0,1,0,0,0,0,0,1,0,0,0,0,0,0,0,0,0,0
321,Senior Data Analyst - SimCorp,Manulife,"Toronto, ON",14 days ago,NIL,0,0,0,0,0,0,0,1,0,0,0,0,0,0,0,0,0,0
322,Lead Applied Scientist,Samasource,"Montréal, QC",30+ days ago,NIL,0,1,0,0,0,0,0,0,0,0,0,0,0,0,0,0,0,0
323,Deep Learning Software Developer,Algolux,"Montréal, QC",8 days ago,NIL,1,1,0,0,1,0,0,0,0,0,0,0,0,0,0,0,0,1
324,SR. MACHINE LEARNING ENGINEER (DIGITAL & DATA SCIENCE),The Globe and Mail,"Toronto, ON",30+ days ago,NIL,1,1,0,1,0,0,0,1,0,0,0,1,0,0,0,0,0,0
325,"Manager, Internal Ratings Management (18 month contract) - Risk Management, Data Science",Scotiabank,"Toronto, ON",4 days ago,NIL,1,1,1,0,0,0,1,1,0,0,0,0,0,1,1,0,0,0
326,Développeur - machine learning,Coveo Solutions,"Sherbrooke, QC",20 days ago,NIL,0,1,0,0,0,0,0,0,0,0,0,1,0,0,0,0,0,0
327,Machine Learning Engineer,Machine Learning Engineer,"Edmonton, AB",5 days ago,NIL,0,1,0,0,0,0,0,0,0,0,0,0,0,0,0,0,0,0
328,"Deep Learning Intern, Content & Technology - Summer 2020",NVIDIA,"Toronto, ON",8 days ago,NIL,0,1,0,0,1,0,0,0,0,0,0,0,0,0,0,0,0,0
329,"Senior Development Advisor, Data Science",Desjardins,"Lévis, QC",14 days ago,NIL,1,0,0,0,0,0,1,1,0,0,0,0,1,0,0,0,0,0
330,Senior Data Analyst - Growth,Hopper,"Montréal, QC",30+ days ago,NIL,0,0,1,0,0,0,1,1,0,0,0,0,0,0,0,0,0,0
331,"Manager, Performance Analytics",Rogers Communications,"Toronto, ON",5 days ago,NIL,0,1,0,0,0,0,1,1,0,1,0,0,1,1,1,0,0,0
332,NLP Engineer,Proto,"Vancouver, BC",Today,NIL,0,1,0,0,0,0,0,1,0,0,0,0,1,0,0,0,0,1
333,Machine Learning Developer,Ecmarket/Conexiom,"Vancouver, BC",6 days ago,NIL,0,0,0,1,0,0,0,0,0,0,0,0,0,0,0,0,0,1
334,"Backend Developer, Analytics and Machine Learning",Global Relay,"Vancouver, BC",8 days ago,NIL,0,1,0,1,0,0,0,0,0,0,0,0,0,0,0,0,0,0
335,Data Science Engineer,CompareAsiaGroup,"Engineer, BC",30+ days ago,NIL,1,1,0,1,0,0,0,0,0,1,0,1,1,0,0,0,0,0
336,"Research Scientist, Artificial Intelligence (PhD)",Facebook,"Montréal, QC",30+ days ago,NIL,0,1,0,1,1,0,0,0,0,0,0,0,0,1,0,0,0,0
337,Machine Learning Research Lead,BFS Capital,"Toronto, ON",25 days ago,NIL,0,1,0,0,0,0,0,1,0,0,0,0,0,0,0,0,0,0
338,"Machine Learning Scientist, Recruiting Technology","AMZN CAN Fulfillment Svcs, ULC","Vancouver, BC",30+ days ago,NIL,1,1,1,1,1,1,0,0,0,0,0,0,1,0,0,0,0,0
339,Senior Manager - Big Data Platform (AMA Analytics),Alberta Motor Association,"Edmonton, AB",5 days ago,NIL,0,1,1,1,0,0,0,1,0,0,1,1,0,0,0,0,0,0
340,Analytics - Analytics Generalist - Manager,PwC,"Toronto, ON",29 days ago,NIL,0,1,0,0,0,0,0,1,0,0,0,1,0,0,1,0,1,1
341,Deep Learning Engineer,Deeplite,"Montréal, QC",29 days ago,NIL,0,1,0,0,0,0,0,0,0,0,0,0,0,0,0,0,0,0
342,Senior Machine Learning Scientist,eSentire,"Waterloo, ON",30+ days ago,NIL,0,1,0,0,1,0,0,0,0,0,1,1,0,0,0,0,0,0
343,"Analyst, Portfolio Analytics","Connor, Clark & Lunn Financial Group","Vancouver, BC",28 days ago,NIL,0,0,0,0,0,0,0,0,0,0,0,0,0,0,1,0,0,0
344,Senior Machine Learning QA Engineer,Behavox,"Montréal, QC",1 day ago,NIL,0,1,0,0,0,0,0,0,0,0,0,0,1,0,0,0,0,0
345,"Engineering Manager, Machine Learning",BenchSci,"Toronto, ON",30+ days ago,NIL,0,1,0,0,0,0,0,0,0,0,0,0,1,0,0,0,0,1
346,"Machine Learning Engineer, Computer Vision",BenchSci,"Toronto, ON",9 days ago,NIL,0,0,0,0,0,0,0,0,0,0,0,0,1,0,0,0,0,0
347,Machine Learning Engineer,Fugro,"Mississauga, ON",30+ days ago,NIL,0,1,0,0,1,0,0,0,0,0,0,0,1,0,0,0,0,0
348,Tenure Track Position - Data Science - School of Mathematical and Computational Sciences - Faculty of Science,University of Prince Edward Island,"Charlottetown, PE",30+ days ago,NIL,1,0,0,0,0,0,0,0,0,0,0,0,0,0,0,0,0,1
349,"Manager, Supply Chain Analytics",Metro Supply Chain Group,"Concord, ON",Just posted,NIL,1,0,0,0,0,0,1,1,0,0,0,0,1,0,0,1,0,1
350,"Co-op Frontend React Developer, Analytics and Machine Learning",Global Relay,"Vancouver, BC",8 days ago,NIL,0,0,0,1,0,0,0,0,0,0,0,0,0,0,0,0,0,0
351,Machine Learning System Engineer,Qualcomm,"Markham, ON",29 days ago,NIL,0,1,0,0,1,0,0,0,0,0,0,0,0,0,0,0,0,0
352,Machine Learning QA Engineer,Behavox,"Montréal, QC",8 days ago,NIL,0,1,0,0,0,0,0,0,0,0,0,0,1,0,0,0,0,0
353,"Student Intern, Data Analyst & Quote Controller",Celestica,"Toronto, ON",30+ days ago,NIL,1,0,0,0,0,0,0,0,0,0,0,0,1,0,1,1,0,0
354,Senior Investment Data Analyst,Manulife,"Toronto, ON",21 days ago,NIL,1,0,0,0,0,0,0,1,0,0,0,0,1,0,0,0,1,0
355,Machine Learning Engineer,EMAGIN,"Kitchener, ON",30+ days ago,NIL,0,1,1,1,0,0,0,1,0,0,0,0,0,0,0,0,0,0
356,"Manager, Business Intelligence & Reporting",Payfare Inc,"Toronto, ON",25 days ago,NIL,1,0,0,0,0,0,0,1,0,0,0,0,1,1,0,0,0,0
357,"Senior Data Scientist, Fraud Modernization",BMO Financial Group,"Toronto, ON",30+ days ago,NIL,0,1,1,0,0,0,1,1,1,0,1,1,1,0,1,0,0,0
358,Postdoctoral Fellowship in Data Science for Neurological Diseases,Collaboration for Outcomes Research and Evaluation; University of British Columbia,"Vancouver, BC",30+ days ago,NIL,1,0,0,0,0,0,1,0,1,0,0,0,1,1,0,0,0,1
359,"Data Architect, Learning MIS & Analytics Team, Global Services Group",American Express,"Toronto, ON",1 day ago,NIL,1,1,1,0,0,0,0,1,0,1,0,1,1,0,0,1,0,1
360,Conseiller(ère) en Data Science,Sia Partners,"Montréal, QC",30+ days ago,NIL,1,1,1,1,1,1,1,0,0,0,0,0,0,0,0,0,1,0
361,"Manager, Data Assurance & Analytics",Canada Life Assurance Company,"Winnipeg, MB",29 days ago,NIL,0,0,0,0,0,0,0,0,0,1,0,0,1,0,0,1,1,1
362,Director of Data Science,AltaML Inc./Janalta Interactive Inc.,"Edmonton, AB",30+ days ago,NIL,0,0,0,0,0,0,0,0,0,0,0,0,0,0,0,0,0,0
363,Commercial Analytics Business Analyst,Elbow River Marketing,"Calgary, AB",1 day ago,NIL,1,1,1,0,0,0,0,1,0,0,0,0,1,0,0,0,0,0
364,Machine Learning Developer,AltaML Inc./Janalta Interactive Inc.,"Calgary, AB",22 days ago,NIL,0,1,0,0,0,0,0,0,0,0,0,0,0,0,0,0,0,0
365,Senior Software Developer - Big Data,Hopper,"Montréal, QC",30+ days ago,NIL,1,0,0,0,0,0,0,0,0,0,0,0,0,0,0,0,0,0
366,"Analyst, Data, Insights & Analytics",Loblaw Companies Limited,"Brampton, ON",7 days ago,NIL,1,1,1,1,0,0,1,1,0,1,1,1,0,0,0,0,0,1
367,Principal Data Analyst,Audela,"Montréal, QC",19 days ago,NIL,0,0,0,0,0,0,0,0,0,0,0,0,1,0,0,0,0,0
368,ML Engineer,MEDO AI,"Edmonton, AB",13 days ago,NIL,0,1,0,0,0,0,0,0,0,0,0,0,0,0,0,0,0,0
369,"Applied Science Intern, Machine Learning (Canada)","AMZN CAN Fulfillment Svcs, ULC","Vancouver, BC",30+ days ago,NIL,1,1,1,1,1,1,0,0,0,0,0,0,0,1,0,0,0,0
370,Senior Applied Scientist,Samasource,"Montréal, QC",30+ days ago,NIL,0,1,0,0,0,0,0,0,0,0,0,0,0,0,0,0,0,0
371,"Software Engineer, Machine Learning",Fathom Health,"Toronto, ON",30+ days ago,NIL,0,0,0,0,0,0,0,0,0,0,0,0,0,0,0,0,0,0
372,"Cardinal Path | Director, Data Science",Dentsu Aegis Network,"Toronto, ON",30+ days ago,NIL,1,1,1,0,0,0,1,1,0,1,0,0,1,1,0,0,0,1
373,Data Science Analyst- 4 month Co-op/Internship (Summer 2020),Intact,"Montréal, QC",30+ days ago,NIL,0,1,1,0,0,0,0,0,0,0,1,1,1,0,0,0,0,0
374,Senior Data Engineer,Index Exchange,"Toronto, ON",6 days ago,NIL,1,1,0,1,0,0,0,1,0,0,1,1,1,0,0,0,0,1
375,Data Analyst,SNC-Lavalin,"Toronto, ON",30+ days ago,NIL,1,1,1,0,0,1,0,1,0,0,0,0,1,1,0,1,1,0
376,"Frontend Developer, Analytics and Machine Learning",Global Relay,"Vancouver, BC",8 days ago,NIL,0,0,0,1,0,0,0,0,0,0,0,0,0,0,0,0,0,0
377,"Manager, Data Assurance & Analytics",London Life,"Winnipeg, MB",12 days ago,NIL,0,0,0,0,0,0,0,0,0,1,0,0,1,0,0,1,1,1
378,Intern- Data Analytics (12 or 16 month contract),Ontario Teachers' Pension Plan,"Toronto, ON",27 days ago,NIL,0,1,0,0,0,0,0,1,0,0,0,1,0,0,0,0,0,0
379,Senior Data Science Engineer,Manulife,"Toronto, ON",21 days ago,NIL,1,1,1,0,0,0,0,1,0,0,0,0,0,0,0,0,0,1
380,Machine Learning Computer Scientist,TandemLaunch,"Montréal, QC",30+ days ago,NIL,0,1,0,0,0,0,0,0,0,0,0,0,1,0,0,0,0,0
381,"Data Architect, Learning MIS & Analytics Team, Global Services Group",American Express,"Toronto, ON",1 day ago,NIL,1,1,1,0,0,0,0,1,0,1,0,1,1,0,0,1,0,1
382,Senior Tech Lead / Data Analyst,CITI,"Mississauga, ON",30+ days ago,NIL,1,0,0,1,0,0,0,1,0,0,0,0,1,0,1,1,0,1
383,Senior Data Analyst - SimCorp,Manulife,"Toronto, ON",14 days ago,NIL,0,0,0,0,0,0,0,1,0,0,0,0,0,0,0,0,0,0
384,"Data Scientist, Team Lead",KPMG,"Toronto, ON",30+ days ago,NIL,1,0,0,0,0,0,0,0,0,0,0,0,0,0,0,0,0,0
385,Senior Machine Learning QA Engineer,Behavox,"Montréal, QC",1 day ago,NIL,0,1,0,0,0,0,0,0,0,0,0,0,1,0,0,0,0,0
386,Data Science Team Lead - AlphaLayer,AltaML Inc./Janalta Interactive Inc.,"Edmonton, AB",7 days ago,NIL,0,1,0,0,0,0,0,0,0,0,0,0,0,0,0,0,0,0
387,Senior Machine Learning Engineer - Speech Recognition,SoundHound Inc.,"Toronto, ON",30+ days ago,NIL,0,1,0,0,1,0,0,0,0,0,0,0,0,0,0,0,0,0
388,Machine Learning Software Engineer Sr.,Qualcomm,"Markham, ON",Today,NIL,1,1,0,1,1,0,0,0,0,0,0,0,1,0,0,0,0,0
389,"Senior Development Advisor, Data Science",Desjardins,"Lévis, QC",14 days ago,NIL,1,0,0,0,0,0,1,1,0,0,0,0,1,0,0,0,0,0
390,"Manager, Performance Analytics",Rogers Communications,"Toronto, ON",5 days ago,NIL,0,1,0,0,0,0,1,1,0,1,0,0,1,1,1,0,0,0
391,"Sr Data Analyst, HR Analytics & Projects/ Analyste principal, analyse de données et projets RH",Domtar,"Montréal, QC",30+ days ago,NIL,1,0,0,0,0,0,0,1,0,1,0,0,1,1,0,1,0,1
392,Statistician,flexpay,Canada,30+ days ago,NIL,1,0,0,0,0,0,0,1,0,0,0,0,1,1,0,0,0,0
393,"Senior Data Analyst, Supply Chain & Product Analytics",lululemon athletica,"Vancouver, BC",8 days ago,NIL,1,1,0,0,0,0,0,0,0,0,0,0,1,0,0,0,0,0
394,"Analyst, Data, Insights & Analytics",Loblaw Companies Limited,"Brampton, ON",7 days ago,NIL,1,1,1,1,0,0,1,1,0,1,1,1,0,0,0,0,0,1
395,"Senior NLP Engineer (NER, Relationship extraction)",Behavox,"Montréal, QC",4 days ago,NIL,0,1,0,0,0,0,0,0,0,0,0,0,1,1,0,0,0,0
396,Manager Business Intelligence & Analytics,WestJet,"Calgary, AB",6 days ago,NIL,1,1,1,0,0,1,1,0,0,1,0,0,1,1,1,0,0,1
397,"Software Engineer, Machine Learning",Fathom Health,"Toronto, ON",30+ days ago,NIL,0,0,0,0,0,0,0,0,0,0,0,0,0,0,0,0,0,0
398,Software Developer- Machine Learning,Mariner xVu,"Calgary, AB",1 day ago,NIL,0,1,0,1,0,0,0,1,0,0,0,1,1,0,0,0,0,0
399,"Software Engineer, Machine Learning",Geotab,"Oakville, ON",30+ days ago,NIL,1,1,0,0,0,0,0,1,0,0,0,1,1,0,0,0,0,0
400,Machine Learning Engineer,TandemLaunch,"Montréal, QC",22 days ago,NIL,0,1,0,1,1,1,0,0,0,0,0,0,0,0,0,0,0,0
401,Analytics Solutions Engineering Project Intern,BOEING,"Vancouver, BC",5 days ago,NIL,1,1,0,0,0,0,0,0,0,0,0,0,1,0,0,0,0,0
402,Machine Learning Developer,Contextere,"Ottawa, ON",30+ days ago,NIL,0,1,0,0,1,0,0,1,0,0,1,0,1,0,0,0,0,1
403,NLP/ML Developer,Wysdom.AI,"Richmond Hill, ON",30+ days ago,NIL,0,1,0,1,0,0,0,0,0,0,0,0,0,0,0,0,0,0
404,Machine Learning Engineer,TrackTik,"Montréal, QC",27 days ago,NIL,0,1,0,1,1,0,0,1,0,0,0,1,0,0,0,0,0,0
405,Lead Software Developer - Big Data,Hopper,"Montréal, QC",30+ days ago,NIL,1,0,0,0,0,0,0,0,0,0,0,1,0,0,0,0,0,1
406,Senior Machine Learning Engineer,Knowtions Research,"Toronto, ON",4 days ago,NIL,0,1,0,1,0,0,0,0,0,0,1,1,0,0,0,0,0,1
407,"Audit Manager, Audit Analytics - Data Scientist",BMO Financial Group,"Toronto, ON",30+ days ago,NIL,0,1,1,0,0,0,1,1,1,0,1,1,1,0,1,0,1,0
408,"Development Expert, SAP Analytics Cloud (Conversational Analytics Team)",SAP,"Vancouver, BC",30+ days ago,"$150,000 - $175,000 a year",0,0,0,1,0,0,0,1,0,0,0,0,0,0,0,0,0,0
409,Web Analytics Developer,IQ Hunt,"Toronto, ON",7 days ago,NIL,1,0,1,1,0,0,0,1,0,1,0,0,1,1,1,1,0,0
410,Senior Sales Data Analyst,Kal Tire,"Vernon, BC",30+ days ago,NIL,1,0,0,0,0,0,0,1,0,0,0,0,0,0,0,0,0,0
411,Senior Marketing Data Analyst (Email),Clearly,"Vancouver, BC",30+ days ago,NIL,1,0,0,0,0,0,0,1,0,0,0,0,0,0,0,0,0,0
412,Machine Learning Engineer,Sobeys,"Toronto, ON",30+ days ago,NIL,0,1,0,1,0,0,0,1,0,0,1,1,0,0,1,0,0,0
413,Machine Learning Engineer,Alexsei,"Toronto, ON",30+ days ago,NIL,0,1,0,0,0,0,0,1,0,0,0,0,0,0,0,0,0,0
414,Senior Machine Learning Developer,AltaML Inc./Janalta Interactive Inc.,"Calgary, AB",22 days ago,NIL,0,1,0,0,0,0,0,0,0,0,0,0,0,0,0,0,0,0
415,Signal processing and machine learning specialist,Icentia,"Quebec City, QC",30+ days ago,NIL,0,1,0,0,1,0,0,1,0,0,0,0,0,0,0,0,0,0
416,CATO - Senior Data Analyst,CAPCO,"Toronto, ON",5 days ago,NIL,0,0,0,0,0,0,0,1,0,0,0,0,1,0,0,0,0,0
417,"Director, Head of Data Science for Manufacturing Technologies- Toronto/ON",Sanofi,"Toronto, ON",26 days ago,NIL,0,0,0,0,0,0,0,0,0,0,0,0,1,0,0,0,0,0
418,"Machine Learning Developer, Digital Products (English Services)",CBC/Radio-Canada,"Toronto, ON",30+ days ago,NIL,1,1,0,1,0,0,0,1,0,0,0,0,0,0,0,0,0,1
419,"Instructor, Business Analytics Program",British Columbia Institute of Technology (BCIT),"Burnaby, BC",30+ days ago,NIL,1,0,0,0,0,0,0,0,0,0,0,0,1,0,0,0,0,0
420,Business Intelligence Contractor,Absolute Software,"Vancouver, BC",14 days ago,NIL,0,0,0,0,1,0,1,1,0,1,0,0,0,0,0,0,0,0
421,Machine Learning Engineer,Dessa,"Toronto, ON",30+ days ago,NIL,0,1,0,0,0,0,0,1,0,0,0,1,1,0,0,0,0,0
422,Sr Datascientist,McKesson,"Saint-Laurent, QC",30+ days ago,NIL,0,1,1,0,0,0,0,1,0,1,1,1,0,1,0,0,1,0
423,Machine Learning Engineer,Paytm,"Toronto, ON",30+ days ago,NIL,0,1,0,0,0,0,0,0,0,0,0,1,0,0,0,0,0,0
424,Natural Language Processing / Machine Learning Specialist 3141518,Morgan Stanley,"Montréal, QC",30+ days ago,NIL,1,1,1,1,0,0,0,0,0,0,1,1,1,0,0,0,0,0
425,"Senior Manager, Research and Data Science",BMO Financial Group,"Toronto, ON",13 days ago,NIL,0,1,1,0,0,0,1,1,1,0,1,1,1,0,1,0,0,0
426,Machine Learning Developer (contract),Group Dynamite,"Montréal, QC",30+ days ago,NIL,1,1,0,0,0,0,0,0,0,0,0,0,0,0,0,0,0,0
427,RWE - Senior Statistician,IQVIA,"Mississauga, ON",30+ days ago,NIL,0,0,0,0,1,0,1,0,1,0,0,0,1,0,0,1,0,0
428,"Machine Learning Engineer, Self Driving",Uber,"Toronto, ON",30+ days ago,NIL,1,1,0,0,1,0,0,0,0,0,1,1,1,0,1,0,0,0
429,"Junior Java Developer - (NLU/Natural Language, Deep learning, Machine Learning, Algorithms)",Nuance,"Montréal, QC",21 days ago,NIL,1,0,0,1,0,0,0,0,0,0,0,0,1,0,0,0,0,0
430,Machine Learning System Software Engineer,Qualcomm,"Markham, ON",30+ days ago,NIL,0,0,0,0,1,0,0,0,0,0,0,0,0,0,0,0,0,0
431,Deep Learning / Computer Vision Engineer,Step by Step Professional Services,"North York, ON",30+ days ago,NIL,0,1,0,0,1,0,0,0,0,0,0,0,0,0,0,0,0,0
432,Machine Learning Developer,Coveo,"Montréal, QC",30+ days ago,NIL,0,1,0,0,0,0,0,0,0,0,0,1,0,0,0,0,0,0
433,Senior Business Data Analyst,Loblaw Companies Limited,"Brampton, ON",7 days ago,NIL,0,1,0,0,0,0,0,1,0,1,1,0,1,0,0,0,0,0
434,Head of Artificial Intelligence & Machine Learning Research,Vanguard,"Toronto, ON",30+ days ago,NIL,0,0,0,0,0,0,0,0,0,0,0,0,0,0,0,0,0,1
435,ML / AI Customer Engineer (Ottawa),h2o.ai,"Ottawa, ON",26 days ago,NIL,1,1,1,1,0,0,0,0,0,0,1,1,1,0,0,0,0,0
436,Machine Learning Developer / Développeur en apprentissage machine,Unity Technologies,"Montréal, QC",30+ days ago,NIL,0,1,0,1,0,0,0,1,0,0,0,0,0,0,0,0,0,0
437,Machine Learning Engineer,Scribendi,Canada,30+ days ago,NIL,0,1,0,1,0,0,0,0,0,0,0,0,1,0,0,0,0,0
438,"Senior NLP Engineer (NER, Relationship extraction)",Behavox,"Montréal, QC",4 days ago,NIL,0,1,0,0,0,0,0,0,0,0,0,0,1,1,0,0,0,0
439,Artificial Intelligence/Machine Learning,Synic Software,"Vancouver, BC",30+ days ago,NIL,0,1,0,0,1,0,0,1,0,0,0,0,0,0,0,0,0,0
440,Senior NLP Research Engineer (multilingual NLP),Behavox,"Montréal, QC",4 days ago,NIL,0,1,0,0,0,0,0,0,0,0,0,0,1,1,0,0,0,0
441,"Senior NLP Research Engineer (language models, text generation)",Behavox,"Montréal, QC",4 days ago,NIL,0,1,0,0,0,0,0,0,0,0,0,0,1,0,0,0,0,0
442,Student Business Analytics Developer,Halifax Regional Municipality,Canada,1 day ago,$20 an hour,1,1,1,1,0,0,0,1,0,0,0,0,1,0,0,0,0,0
443,"Applied Scientist, Alexa Speech","AMZN CAN Fulfillment Svcs, ULC","Toronto, ON",6 days ago,NIL,0,1,0,1,1,0,0,0,0,0,0,0,1,0,0,0,0,1
444,"Manager, AI Strategy - Supply Chain & AI, Omnia AI",Deloitte,"Toronto, ON",19 days ago,NIL,0,0,0,0,0,0,0,0,0,0,0,0,1,0,0,1,0,1
445,"Software Developer, Machine Learning",Hootsuite,"Vancouver, BC",15 days ago,NIL,0,1,0,1,0,0,0,0,0,0,0,1,1,0,1,0,0,0
446,University Internship - AI Engineer,Cerebri AI,"Toronto, ON",15 days ago,NIL,0,1,0,0,0,0,0,0,0,1,1,1,0,0,0,0,0,0
447,Machine Learning Software Engineer Sr.,Qualcomm,"Markham, ON",Today,NIL,1,1,0,1,1,0,0,0,0,0,0,0,1,0,0,0,0,0
448,Marketing Data Analyst,DDB,"Toronto, ON",30+ days ago,NIL,0,1,1,0,0,0,1,1,1,1,0,0,0,1,0,0,0,1
449,Senior Director Applied Artificial Intelligence,uni3T,"Montréal, QC",2 days ago,NIL,0,0,0,0,0,0,0,0,0,0,0,0,1,0,0,1,1,0
450,Senior Tech Lead / Data Analyst,CITI,"Mississauga, ON",30+ days ago,NIL,1,0,0,1,0,0,0,1,0,0,0,0,1,0,1,1,0,1
451,"Analyst, Investment Analytics",Fiera Capital,"Montréal, QC",30+ days ago,NIL,0,1,1,0,1,1,1,1,0,0,0,0,1,0,0,0,0,0
452,Software Engineer – AI/Machine Learning,Boast Capital,"Toronto, ON",30+ days ago,NIL,0,1,0,1,1,0,0,0,0,0,0,1,1,0,0,0,0,1
453,"Associate - Quantitative Analytics, Structured Finance Modeling and Analytics",S&P Global,"Toronto, ON",30+ days ago,NIL,1,1,1,0,1,1,0,1,0,0,0,0,1,0,1,1,0,0
454,Manager Business Intelligence & Analytics,WestJet,"Calgary, AB",6 days ago,NIL,1,1,1,0,0,1,1,0,0,1,0,0,1,1,1,0,0,1
455,Senior Data Scientist,Thomson Reuters,"Toronto, ON",30+ days ago,NIL,1,1,1,1,1,1,0,1,0,0,1,1,1,0,0,0,0,0
456,"Technical Product Manager, Analytics",Miovision,"Kitchener, ON",15 days ago,NIL,0,0,0,0,0,0,0,0,0,0,0,0,0,0,0,0,0,0
457,"Manager, Machine Learning Engineering",eSentire,"Waterloo, ON",30+ days ago,NIL,0,1,0,0,0,0,0,0,0,0,0,0,0,0,0,0,0,0
458,Student Business Analytics Developer,Halifax Regional Municipality (HRM),"Halifax, NS",1 day ago,$20 an hour,1,1,1,1,0,0,0,1,0,0,0,0,1,0,0,0,0,0
459,Manager Analytics & Insights,TD Bank,"Toronto, ON",30+ days ago,NIL,0,1,1,0,0,0,0,1,0,1,1,0,0,0,0,0,0,1
460,Business Intelligence Analyst (Power BI),Convverge Inc.,"Calgary, AB",23 days ago,NIL,0,0,0,0,0,0,0,0,0,0,0,0,0,0,0,0,0,0
461,Machine Learning Engineer,ASSURANCE,"Toronto, ON",30+ days ago,NIL,1,1,0,0,0,0,0,0,0,0,0,1,1,0,0,0,0,0
462,Senior Data Analyst,Rubikloud Technologies,"Toronto, ON",30+ days ago,NIL,1,1,0,0,0,0,0,1,0,0,0,0,1,0,1,0,0,0
463,Machine Learning Geoscientist,DATACLOUD,"Vancouver, BC",30+ days ago,NIL,0,1,1,0,1,0,0,0,0,0,0,0,1,1,0,1,0,1
464,STAGIAIRE AI & MACHINE LEARNING,BNP Paribas,Canada,8 days ago,NIL,0,1,0,0,0,0,0,0,0,0,0,0,0,0,0,0,0,1
465,Senior Machine Learning Engineer,Dessa,"Toronto, ON",30+ days ago,NIL,0,1,0,0,0,0,0,1,0,0,0,1,1,0,0,0,0,0
466,Statistician,flexpay,Canada,30+ days ago,NIL,1,0,0,0,0,0,0,1,0,0,0,0,1,1,0,0,0,0
467,AI Python Developer,Stradigi AI,"Montréal, QC",30+ days ago,NIL,1,1,0,1,1,0,0,1,0,0,0,0,0,0,0,0,0,0
468,Machine Learning Developer,Conexiom,"Vancouver, BC",30+ days ago,NIL,0,0,0,1,0,0,0,0,0,0,0,0,0,0,0,0,0,1
469,"Senior Product Owner, Business Intelligence",Xtiva Financial Systems,Remote,30+ days ago,"$100,000 - $150,000 a year",1,0,0,0,0,0,0,0,0,0,0,0,1,0,0,0,0,0
470,Analyste d'affaires BI,Sia Partners,"Montréal, QC",30+ days ago,NIL,0,0,0,0,0,0,0,1,0,0,0,0,0,0,0,0,1,0
471,"Software Engineer, Machine Learning",Geotab,"Oakville, ON",30+ days ago,NIL,1,1,0,0,0,0,0,1,0,0,0,1,1,0,0,0,0,0
472,Software Developer- Machine Learning,Mariner xVu,"Calgary, AB",1 day ago,NIL,0,1,0,1,0,0,0,1,0,0,0,1,1,0,0,0,0,0
473,Android Developer – AI Analytics company,Groom & Associes,"Montréal, QC",30+ days ago,NIL,0,0,0,1,0,0,0,0,0,0,0,0,0,0,0,0,0,0
474,Machine Learning SW/Compiler Applied Research Engineer,Qualcomm,"Markham, ON",30+ days ago,NIL,0,1,0,1,1,0,0,0,0,0,0,0,1,0,0,0,0,0
475,"Investment Associate, Strategy & Risk - Total Fund Insights & Analytics",Ontario Teachers' Pension Plan,"Toronto, ON",30+ days ago,NIL,1,1,0,0,0,0,0,0,0,0,0,1,1,0,0,0,0,0
476,"Analyst, Actuarial, Rewards and Analytics, Life Insurance",Deloitte,"Toronto, ON",30+ days ago,NIL,1,1,1,0,0,0,1,0,0,1,0,0,1,0,0,0,1,0
477,Senior Machine Learning Research En,Callière Group,"Montréal, QC",30+ days ago,NIL,0,1,0,1,1,0,0,0,0,0,0,0,0,0,0,0,0,0
478,Senior Statistician (BC Provincial Blood Coordinating Office (PBCO)),PHSA,"Vancouver, BC",30+ days ago,NIL,1,0,1,0,0,0,1,1,1,1,0,0,1,1,0,0,0,0
479,"Director, Business Intelligence",ecobee,"Toronto, ON",30+ days ago,NIL,0,0,0,0,0,0,0,0,0,0,0,0,0,0,0,0,0,0
480,Machine Learning Developer,TerraSense Analytics Ltd,"Kelowna, BC",30+ days ago,NIL,1,1,0,0,1,0,0,0,0,0,0,0,0,0,0,0,0,0
481,Principal Engineer – Natural Language Processing,Prophix Software Inc.,"Mississauga, ON",30+ days ago,NIL,1,0,0,0,0,0,0,0,0,0,0,0,1,0,0,0,0,0
482,"Architect, Business Analytics",Maple Leaf Foods,"Mississauga, ON",30+ days ago,NIL,0,1,1,0,0,0,1,1,0,1,1,1,0,0,0,1,0,1
483,"Cloud Technical Solutions Developer, Big Data",Google,"Waterloo, ON",30+ days ago,NIL,0,1,0,1,1,0,0,0,0,0,1,0,1,0,0,0,0,0
484,Scientifique de données - NLP,DRW Montreal,"Montréal, QC",30+ days ago,NIL,1,1,1,0,0,0,0,1,0,0,0,0,1,0,0,0,0,0
485,Machine Learning Software Engineer,Loblaw Digital,"Toronto, ON",30+ days ago,NIL,0,1,0,1,0,0,0,1,0,0,1,0,0,0,0,0,0,0
486,Senior Machine Learning Engineer,Augmenta,"Toronto, ON",30+ days ago,NIL,0,1,0,0,1,0,0,0,0,0,0,0,0,1,0,0,0,0
487,AI Engineer,Cerebri AI,"Toronto, ON",30+ days ago,NIL,0,1,0,0,0,0,0,0,0,1,1,1,1,1,0,0,0,0
488,Senior Machine Learning Engineer,AdGear,"Montréal, QC",30+ days ago,NIL,1,0,0,0,0,0,0,0,0,0,0,1,1,0,0,0,0,0
489,Senior Analytics Developer C++,Kinaxis,"Ottawa, ON",11 days ago,NIL,0,0,0,0,1,0,0,0,0,0,0,0,0,0,0,0,0,0
490,Software Engineer for Data Science Intern - Summer 2020,Thomson Reuters,"Kitchener, ON",15 days ago,NIL,0,1,0,1,0,0,0,1,0,0,0,0,0,0,0,0,0,0
491,Machine Learning Research Engineer,MarketMuse,"Montréal, QC",30+ days ago,NIL,0,1,0,0,0,0,0,0,0,0,1,1,0,1,0,0,0,0
492,Sr. Machine Learning Software Engineer,Splunk,"Toronto, ON",30+ days ago,NIL,1,1,0,1,0,0,0,0,0,0,0,0,1,0,1,0,0,1
493,Sr Machine Learning Product Engineer,TD Bank,"Toronto, ON",Today,NIL,1,1,0,1,0,0,0,0,0,0,1,1,0,0,0,0,0,0
494,Solutions Architect Data & Analytics,PCM Canada,"Calgary, AB",30+ days ago,NIL,0,0,0,0,0,0,0,1,0,1,0,0,1,1,0,0,0,1
495,Mitacs Intern - Quantum Machine Learning Researcher,1QBit,"Vancouver, BC",30+ days ago,NIL,0,0,1,0,0,1,0,0,0,0,0,0,1,1,0,0,0,0
496,"Analyst, BI & Analytics",JLL,"Toronto, ON",29 days ago,NIL,1,1,1,0,0,0,0,1,0,1,1,0,1,0,0,1,0,1
497,Scientifique de données - NLP,DRW Trading Group,"Montréal, QC",22 days ago,NIL,1,1,1,0,0,0,0,1,0,0,0,0,1,0,0,0,0,0
498,ML/ AI Developer,Fleet Complete,"Toronto, ON",30+ days ago,NIL,0,1,0,1,1,0,0,1,0,0,1,1,0,0,1,0,0,0
499,Technical Specialist - Senior Finance Master Data Analyst,BMO Financial Group,"Toronto, ON",4 days ago,NIL,1,0,0,1,0,0,0,1,0,0,0,0,1,1,0,0,0,0
500,Senior Business Intelligence Developer,Teck Resources Limited,"Calgary, AB",30+ days ago,NIL,0,1,1,1,0,0,0,1,0,1,0,0,0,0,0,0,0,0
501,"Machine Learning Engineering Technical Lead, Self Driving",Uber,"Toronto, ON",30+ days ago,NIL,1,1,0,0,1,0,0,0,0,0,1,1,1,0,1,0,0,1
502,Data Analytics: Data Engineer,CaseWare,"Toronto, ON",30+ days ago,NIL,0,1,0,1,0,0,0,0,0,0,0,0,1,0,0,0,0,0
503,"Manager, Campaign Analytics & Insights",TD Bank,"Toronto, ON",30+ days ago,NIL,1,1,1,0,0,0,1,1,0,0,0,1,0,0,0,1,1,1
504,Principal Machine Learning Engineer,PointClickCare,"Mississauga, ON",30+ days ago,NIL,0,1,0,1,1,0,0,1,0,0,1,1,0,0,0,0,0,0
505,Senior Machine Learning Engineer,Prophix Software Inc.,"Mississauga, ON",30+ days ago,NIL,1,1,1,1,0,0,0,1,0,0,1,1,1,0,0,0,0,0
506,Business Intelligence Analyst Co-op Student,WorkSafeBC,"Richmond, BC",2 days ago,NIL,1,1,1,0,0,0,1,1,1,1,0,0,1,1,1,1,1,0
507,"Director, Merchandise Analytics",Walmart Canada,"Mississauga, ON",30+ days ago,NIL,1,0,0,0,0,0,0,0,0,0,0,0,0,0,0,0,0,0
508,ResearcherResearch Intern – Data Protection/FATE + Machine Learning - Stagiaire en recherche - Protection des données / FATE + Machine Learning,Microsoft,"Montréal, QC",30+ days ago,NIL,1,0,0,0,0,0,0,0,0,0,0,0,1,0,0,0,0,0
509,Research Scientist - AI and/or Machine Learning,Thomson Reuters,"Toronto, ON",30+ days ago,NIL,1,1,1,1,1,1,0,1,0,0,1,1,1,0,0,0,0,0
510,Stagiaire en Apprentissage profond NLP/ Deep Learning for NLP Intern,Microsoft,"Montréal, QC",30+ days ago,NIL,1,1,0,0,0,0,0,0,0,0,0,0,1,1,0,0,0,0
511,Senior Machine Learning Engineer - Speech Recognition,SoundHound Inc.,"Toronto, ON",30+ days ago,NIL,0,1,0,0,1,0,0,0,0,0,0,0,0,0,0,0,0,0
512,"Associate - Quantitative Analytics, Structured Finance Modeling and Analytics",S&P Global Ratings,"Toronto, ON",30+ days ago,NIL,1,1,1,0,1,1,0,1,0,0,0,0,1,0,1,1,0,0
513,Senior Machine Learning Developer (FinTech),AltaML Inc./Janalta Interactive Inc.,"Edmonton, AB",30+ days ago,NIL,0,1,0,0,0,0,0,0,0,0,0,0,0,0,0,0,0,0
514,Software Developer- Machine Learning,Mariner Partners,"Calgary, AB",1 day ago,NIL,0,1,0,1,0,0,0,1,0,0,0,1,1,0,0,0,0,0
515,Tenure-Track Assistant Professor in Statistics & Data Science,McMaster University,"Hamilton, ON",30+ days ago,NIL,1,0,1,0,0,0,0,0,0,0,0,0,0,0,0,0,0,0
516,Senior Software Engineer - Machine Learning,Tableau,"Vancouver, BC",30+ days ago,NIL,0,1,0,0,0,0,0,0,0,1,0,0,0,1,0,0,0,0
517,Spécialiste en apprentissage automatique senior / Sr. Machine Learning Specialist,Eidos Montréal,"Montréal, QC",30+ days ago,NIL,0,1,0,0,1,0,0,0,0,0,0,0,0,0,0,0,0,0
518,Senior Software Developer (Machine Learning),Kira Systems,"Toronto, ON",30+ days ago,NIL,0,0,0,1,1,0,0,0,0,0,0,1,0,0,0,0,0,0
519,"Manager, Supply Chain Performance",Metro Supply Chain Group,"Concord, ON",29 days ago,NIL,1,0,0,0,0,0,1,1,0,0,0,0,1,0,0,1,0,1
520,Machine Learning Engineer,MobSquad,"Calgary, AB",30+ days ago,NIL,1,1,1,1,0,0,0,1,0,0,0,0,1,0,0,0,0,0
521,Senior Software Developer – Analytics Platform Company,Groom & Associes,"Montréal, QC",26 days ago,NIL,0,1,1,1,0,0,0,0,0,0,0,0,0,0,1,0,0,0
522,"Associate Manager, Campaign Analytics",TD Bank,"Toronto, ON",30+ days ago,NIL,1,0,0,0,0,0,1,1,0,0,0,0,0,0,0,1,1,0
523,Senior Quantitative Analytics Analyst,TD Bank,"Toronto, ON",30+ days ago,NIL,1,1,1,0,0,0,1,1,0,1,1,1,1,0,0,0,0,0
524,"Sr. Applied Scientist, Alexa Speech","AMZN CAN Fulfillment Svcs, ULC","Toronto, ON",30+ days ago,NIL,0,1,0,1,1,0,0,0,0,0,0,0,1,0,0,0,0,1
525,Machine Learning Product Manager,Liquid Analytics,"Montréal, QC",30+ days ago,"$120,000 - $150,000 a year",1,1,0,1,0,0,0,1,0,0,0,0,1,0,0,0,0,1
526,Senior Machine Learning System Software Engineer,Qualcomm,"Markham, ON",30+ days ago,NIL,0,1,0,1,1,0,0,0,0,0,0,0,0,0,0,0,0,0
527,Chef de pratique IoT I Advanced Analytics I AI,LGS,"Quebec City, QC",7 days ago,NIL,1,0,0,0,0,0,0,0,0,0,0,0,1,0,0,0,1,1
528,Software Development Engineer - Machine Learning,"AMZN CAN Fulfillment Svcs, ULC","Toronto, ON",30+ days ago,NIL,1,0,0,1,1,0,0,0,0,0,0,0,1,0,1,0,0,0
529,"Senior developer Backend AWS IoT, Machine Learning & AI",Services Conseils IntelliSoft inc.,"Montréal, QC",5 days ago,NIL,0,1,0,0,1,0,0,1,0,0,0,0,0,0,1,0,0,1
530,"Sr Data Analyst, HR Analytics & Projects/ Analyste principal, analyse de données et projets RH",Domtar,"Montréal, QC",30+ days ago,NIL,1,0,0,0,0,0,0,1,0,1,0,0,1,1,0,1,0,1
531,"Staff Software Engineer, Machine Learning Infrastructure (TOR)",Etsy,"Toronto, ON",30+ days ago,NIL,0,0,0,0,0,0,0,0,0,0,0,0,1,0,0,0,0,0
532,"Manager, SAP BI/Analytics",Deloitte,"Toronto, ON",30+ days ago,NIL,1,0,0,0,0,0,0,0,0,0,0,0,1,0,1,0,0,1
533,"Head, Global Supply Chain Analytics and Business insights",Roche,"Mississauga, ON",15 days ago,NIL,1,0,0,0,0,0,0,0,0,0,0,0,0,0,0,0,1,1
534,"Embedded Software Designer – Machine Learning, Computer Vision, ADAS",BTA Design Services,"Ottawa, ON",30+ days ago,NIL,0,1,0,0,1,0,0,0,0,0,0,0,0,0,0,0,0,0
535,Staff Engineer - Machine Learning and Machine Intelligence for Robotics,MDA Corporation,"Brampton, ON",30+ days ago,NIL,1,0,0,0,0,0,0,0,0,0,0,0,1,0,0,1,0,0
536,Solid-State Chemistry and Machine Learning for Materials Science,University of Alberta,"Edmonton, AB",30+ days ago,NIL,1,0,0,0,0,0,0,0,0,0,0,0,1,1,0,0,0,1
537,Business Intelligence Administrator,Mosaic North America,"Mississauga, ON",15 days ago,NIL,1,0,0,0,0,0,0,1,0,1,0,0,1,0,0,0,0,0
538,"Postdoctoral Scholar in Critical Care Data Science, Department of Critical Care Medicine",The University of Calgary,"Calgary, AB",30+ days ago,"$50,000 a year",1,0,0,0,1,0,0,0,0,0,0,0,1,0,0,0,0,0
539,"Director, Customer Risk Rating, AML/ATF Models & Analytics",Scotiabank,"Toronto, ON",30+ days ago,NIL,0,0,1,0,0,0,1,1,0,0,0,0,0,0,0,0,0,0
540,"Technical Advisor, Artificial Intelligence & Transportation Mobility",MaRS Discovery District,"Toronto, ON",30+ days ago,NIL,1,0,0,0,0,0,0,0,0,0,0,0,1,1,0,0,1,1
541,Stagiaire en recherche – Compréhension des machines et NLP robuste / Machine Comprehension and Robust NLP,Microsoft,"Montréal, QC",30+ days ago,NIL,1,1,0,0,0,0,0,0,0,0,0,0,1,1,0,0,0,0
542,Analyst - Advanced Analytics Team,Mosaic North America,"Toronto, ON",30+ days ago,NIL,1,1,1,0,0,0,0,0,0,0,0,1,1,0,0,0,1,0
543,Deep Learning Developer,PDFTron Systems Inc.,"Vancouver, BC",30+ days ago,NIL,1,1,0,1,1,0,0,0,0,0,0,0,1,0,1,0,0,0
544,Machine Learning Engineer - Applied AI,Fiix Software,"Toronto, ON",30+ days ago,NIL,1,1,0,0,0,0,0,1,0,0,0,0,0,0,0,0,0,0
545,"Product Owner, Machine Learning",Resolver Inc.,"Toronto, ON",30+ days ago,NIL,0,0,0,0,0,0,0,0,0,0,0,0,0,0,0,0,0,0
546,Senior Analytics Platform Engineer,Suncor Energy Services,"Calgary, AB",21 days ago,NIL,0,0,0,0,0,0,0,0,0,0,0,0,0,0,0,0,0,0
547,Senior Planning & Analytics Analyst,Parkland Fuel Corporation,"Calgary, AB",30+ days ago,NIL,1,1,0,0,1,0,1,1,0,0,0,0,1,1,1,0,0,1
548,Marketing Analytics Developer,Adviso,"Montréal, QC",30+ days ago,NIL,0,0,0,1,0,0,0,0,0,0,0,0,0,0,0,0,0,0
549,"Senior Staff Software Engineer, Machine Learning Infrastructure (TOR)",Etsy,"Toronto, ON",30+ days ago,NIL,0,0,0,0,0,0,0,0,0,0,0,0,1,0,0,0,0,0
550,"Product Owner, Machine Learning",Resolver,"Toronto, ON",30+ days ago,NIL,0,0,0,0,0,0,0,0,0,0,0,0,0,0,0,0,0,0
551,"Manager, Actuarial, Rewards and Analytics P&C",Deloitte,"Toronto, ON",30+ days ago,NIL,0,1,1,0,0,0,0,0,0,1,0,0,0,1,0,0,1,0
552,"Sr. Software Engineer - FullStack, AI Platform Services",[24]7.ai,"Toronto, ON",30+ days ago,NIL,0,0,0,1,0,0,0,0,0,0,0,0,1,0,0,0,0,0
553,"Director, Name Screening, AML/ATF Models and Analytics",Scotiabank,"Toronto, ON",5 days ago,NIL,0,0,1,0,0,0,1,1,0,0,0,0,0,0,0,0,0,0
554,Post-Doctoral (Artificial Intelligence in Finance),Overbond,"Montréal, QC",30+ days ago,NIL,1,0,0,0,0,0,0,0,0,0,0,0,1,0,0,0,0,0
555,"Senior Business Analyst, Product Analytics",lululemon athletica,"Vancouver, BC",30+ days ago,NIL,1,0,0,0,0,0,0,1,0,0,0,0,1,0,0,0,0,1
556,SEPT Grad - SESSIONAL FACULTY - SEP 786 Artificial Intelligence & Machine Learning Fundamentals/ SEP 787 Machine Learning: Classifi...,McMaster University,"Hamilton, ON",29 days ago,"$8,100 a month",1,0,0,0,1,0,0,0,0,0,0,0,0,1,0,0,0,1
557,Specialist Business Intelligence Performance Measurement and Reporting,PHSA,"Vancouver, BC",30+ days ago,NIL,1,1,1,0,0,0,1,1,0,1,0,0,1,0,1,0,0,0
558,"Senior Consultant Actuarial, Rewards and Analytics P&C",Deloitte,"Toronto, ON",30+ days ago,NIL,0,1,1,0,0,0,1,0,0,0,0,0,1,1,0,0,1,0
559,"Director of Advanced Analytics, e-commerce",Goodfood Market Corp.,"Toronto, ON",20 days ago,NIL,1,0,0,0,0,0,0,1,0,1,0,0,1,0,0,0,0,1
560,"Senior Software Engineer, Machine Learning",Postmates,"Vancouver, BC",30+ days ago,NIL,0,1,0,0,1,0,0,0,0,0,0,0,0,0,0,0,0,0
561,Stagiaire en recherche – Compréhension des machines et NLP robuste / Machine Comprehension and Robust NLP,Microsoft,"Montréal, QC",30+ days ago,NIL,1,1,0,0,0,0,0,0,0,0,0,0,1,1,0,0,0,0
562,Analyst - Advanced Analytics Team,Mosaic North America,"Toronto, ON",30+ days ago,NIL,1,1,1,0,0,0,0,0,0,0,0,1,1,0,0,0,1,0
563,Deep Learning Developer,PDFTron Systems Inc.,"Vancouver, BC",30+ days ago,NIL,1,1,0,1,1,0,0,0,0,0,0,0,1,0,1,0,0,0
564,Machine Learning Engineer - Applied AI,Fiix Software,"Toronto, ON",30+ days ago,NIL,1,1,0,0,0,0,0,1,0,0,0,0,0,0,0,0,0,0
565,"Product Owner, Machine Learning",Resolver Inc.,"Toronto, ON",30+ days ago,NIL,0,0,0,0,0,0,0,0,0,0,0,0,0,0,0,0,0,0
566,Senior Analytics Platform Engineer,Suncor Energy Services,"Calgary, AB",21 days ago,NIL,0,0,0,0,0,0,0,0,0,0,0,0,0,0,0,0,0,0
567,Senior Planning & Analytics Analyst,Parkland Fuel Corporation,"Calgary, AB",30+ days ago,NIL,1,1,0,0,1,0,1,1,0,0,0,0,1,1,1,0,0,1
568,Marketing Analytics Developer,Adviso,"Montréal, QC",30+ days ago,NIL,0,0,0,1,0,0,0,0,0,0,0,0,0,0,0,0,0,0
569,"Senior Staff Software Engineer, Machine Learning Infrastructure (TOR)",Etsy,"Toronto, ON",30+ days ago,NIL,0,0,0,0,0,0,0,0,0,0,0,0,1,0,0,0,0,0
570,"Product Owner, Machine Learning",Resolver,"Toronto, ON",30+ days ago,NIL,0,0,0,0,0,0,0,0,0,0,0,0,0,0,0,0,0,0
571,"Manager, Actuarial, Rewards and Analytics P&C",Deloitte,"Toronto, ON",30+ days ago,NIL,0,1,1,0,0,0,0,0,0,1,0,0,0,1,0,0,1,0
572,"Sr. Software Engineer - FullStack, AI Platform Services",[24]7.ai,"Toronto, ON",30+ days ago,NIL,0,0,0,1,0,0,0,0,0,0,0,0,1,0,0,0,0,0
573,"Director, Name Screening, AML/ATF Models and Analytics",Scotiabank,"Toronto, ON",5 days ago,NIL,0,0,1,0,0,0,1,1,0,0,0,0,0,0,0,0,0,0
574,Post-Doctoral (Artificial Intelligence in Finance),Overbond,"Montréal, QC",30+ days ago,NIL,1,0,0,0,0,0,0,0,0,0,0,0,1,0,0,0,0,0
575,"Senior Business Analyst, Product Analytics",lululemon athletica,"Vancouver, BC",30+ days ago,NIL,1,0,0,0,0,0,0,1,0,0,0,0,1,0,0,0,0,1
576,SEPT Grad - SESSIONAL FACULTY - SEP 786 Artificial Intelligence & Machine Learning Fundamentals/ SEP 787 Machine Learning: Classifi...,McMaster University,"Hamilton, ON",29 days ago,"$8,100 a month",1,0,0,0,1,0,0,0,0,0,0,0,0,1,0,0,0,1
577,Specialist Business Intelligence Performance Measurement and Reporting,PHSA,"Vancouver, BC",30+ days ago,NIL,1,1,1,0,0,0,1,1,0,1,0,0,1,0,1,0,0,0
578,"Senior Consultant Actuarial, Rewards and Analytics P&C",Deloitte,"Toronto, ON",30+ days ago,NIL,0,1,1,0,0,0,1,0,0,0,0,0,1,1,0,0,1,0
579,"Director of Advanced Analytics, e-commerce",Goodfood Market Corp.,"Toronto, ON",20 days ago,NIL,1,0,0,0,0,0,0,1,0,1,0,0,1,0,0,0,0,1
580,"Senior Software Engineer, Machine Learning",Postmates,"Vancouver, BC",30+ days ago,NIL,0,1,0,0,1,0,0,0,0,0,0,0,0,0,0,0,0,0
581,Stagiaire en recherche – Compréhension des machines et NLP robuste / Machine Comprehension and Robust NLP,Microsoft,"Montréal, QC",30+ days ago,NIL,1,1,0,0,0,0,0,0,0,0,0,0,1,1,0,0,0,0
582,Analyst - Advanced Analytics Team,Mosaic North America,"Toronto, ON",30+ days ago,NIL,1,1,1,0,0,0,0,0,0,0,0,1,1,0,0,0,1,0
583,Deep Learning Developer,PDFTron Systems Inc.,"Vancouver, BC",30+ days ago,NIL,1,1,0,1,1,0,0,0,0,0,0,0,1,0,1,0,0,0
584,Machine Learning Engineer - Applied AI,Fiix Software,"Toronto, ON",30+ days ago,NIL,1,1,0,0,0,0,0,1,0,0,0,0,0,0,0,0,0,0
585,"Product Owner, Machine Learning",Resolver Inc.,"Toronto, ON",30+ days ago,NIL,0,0,0,0,0,0,0,0,0,0,0,0,0,0,0,0,0,0
586,Senior Analytics Platform Engineer,Suncor Energy Services,"Calgary, AB",21 days ago,NIL,0,0,0,0,0,0,0,0,0,0,0,0,0,0,0,0,0,0
587,Senior Planning & Analytics Analyst,Parkland Fuel Corporation,"Calgary, AB",30+ days ago,NIL,1,1,0,0,1,0,1,1,0,0,0,0,1,1,1,0,0,1
588,Marketing Analytics Developer,Adviso,"Montréal, QC",30+ days ago,NIL,0,0,0,1,0,0,0,0,0,0,0,0,0,0,0,0,0,0
589,"Senior Staff Software Engineer, Machine Learning Infrastructure (TOR)",Etsy,"Toronto, ON",30+ days ago,NIL,0,0,0,0,0,0,0,0,0,0,0,0,1,0,0,0,0,0
590,"Product Owner, Machine Learning",Resolver,"Toronto, ON",30+ days ago,NIL,0,0,0,0,0,0,0,0,0,0,0,0,0,0,0,0,0,0
591,"Manager, Actuarial, Rewards and Analytics P&C",Deloitte,"Toronto, ON",30+ days ago,NIL,0,1,1,0,0,0,0,0,0,1,0,0,0,1,0,0,1,0
592,"Sr. Software Engineer - FullStack, AI Platform Services",[24]7.ai,"Toronto, ON",30+ days ago,NIL,0,0,0,1,0,0,0,0,0,0,0,0,1,0,0,0,0,0
593,"Director, Name Screening, AML/ATF Models and Analytics",Scotiabank,"Toronto, ON",5 days ago,NIL,0,0,1,0,0,0,1,1,0,0,0,0,0,0,0,0,0,0
594,Post-Doctoral (Artificial Intelligence in Finance),Overbond,"Montréal, QC",30+ days ago,NIL,1,0,0,0,0,0,0,0,0,0,0,0,1,0,0,0,0,0
595,"Senior Business Analyst, Product Analytics",lululemon athletica,"Vancouver, BC",30+ days ago,NIL,1,0,0,0,0,0,0,1,0,0,0,0,1,0,0,0,0,1
596,SEPT Grad - SESSIONAL FACULTY - SEP 786 Artificial Intelligence & Machine Learning Fundamentals/ SEP 787 Machine Learning: Classifi...,McMaster University,"Hamilton, ON",29 days ago,"$8,100 a month",1,0,0,0,1,0,0,0,0,0,0,0,0,1,0,0,0,1
597,Specialist Business Intelligence Performance Measurement and Reporting,PHSA,"Vancouver, BC",30+ days ago,NIL,1,1,1,0,0,0,1,1,0,1,0,0,1,0,1,0,0,0
598,"Senior Consultant Actuarial, Rewards and Analytics P&C",Deloitte,"Toronto, ON",30+ days ago,NIL,0,1,1,0,0,0,1,0,0,0,0,0,1,1,0,0,1,0
599,"Director of Advanced Analytics, e-commerce",Goodfood Market Corp.,"Toronto, ON",20 days ago,NIL,1,0,0,0,0,0,0,1,0,1,0,0,1,0,0,0,0,1
600,"Senior Software Engineer, Machine Learning",Postmates,"Vancouver, BC",30+ days ago,NIL,0,1,0,0,1,0,0,0,0,0,0,0,0,0,0,0,0,0
601,Stagiaire en recherche – Compréhension des machines et NLP robuste / Machine Comprehension and Robust NLP,Microsoft,"Montréal, QC",30+ days ago,NIL,1,1,0,0,0,0,0,0,0,0,0,0,1,1,0,0,0,0
602,Analyst - Advanced Analytics Team,Mosaic North America,"Toronto, ON",30+ days ago,NIL,1,1,1,0,0,0,0,0,0,0,0,1,1,0,0,0,1,0
603,Deep Learning Developer,PDFTron Systems Inc.,"Vancouver, BC",30+ days ago,NIL,1,1,0,1,1,0,0,0,0,0,0,0,1,0,1,0,0,0
604,Machine Learning Engineer - Applied AI,Fiix Software,"Toronto, ON",30+ days ago,NIL,1,1,0,0,0,0,0,1,0,0,0,0,0,0,0,0,0,0
605,"Product Owner, Machine Learning",Resolver Inc.,"Toronto, ON",30+ days ago,NIL,0,0,0,0,0,0,0,0,0,0,0,0,0,0,0,0,0,0
606,Senior Analytics Platform Engineer,Suncor Energy Services,"Calgary, AB",21 days ago,NIL,0,0,0,0,0,0,0,0,0,0,0,0,0,0,0,0,0,0
607,Senior Planning & Analytics Analyst,Parkland Fuel Corporation,"Calgary, AB",30+ days ago,NIL,1,1,0,0,1,0,1,1,0,0,0,0,1,1,1,0,0,1
608,Marketing Analytics Developer,Adviso,"Montréal, QC",30+ days ago,NIL,0,0,0,1,0,0,0,0,0,0,0,0,0,0,0,0,0,0
609,"Senior Staff Software Engineer, Machine Learning Infrastructure (TOR)",Etsy,"Toronto, ON",30+ days ago,NIL,0,0,0,0,0,0,0,0,0,0,0,0,1,0,0,0,0,0
610,"Product Owner, Machine Learning",Resolver,"Toronto, ON",30+ days ago,NIL,0,0,0,0,0,0,0,0,0,0,0,0,0,0,0,0,0,0
611,"Manager, Actuarial, Rewards and Analytics P&C",Deloitte,"Toronto, ON",30+ days ago,NIL,0,1,1,0,0,0,0,0,0,1,0,0,0,1,0,0,1,0
612,"Sr. Software Engineer - FullStack, AI Platform Services",[24]7.ai,"Toronto, ON",30+ days ago,NIL,0,0,0,1,0,0,0,0,0,0,0,0,1,0,0,0,0,0
613,"Director, Name Screening, AML/ATF Models and Analytics",Scotiabank,"Toronto, ON",5 days ago,NIL,0,0,1,0,0,0,1,1,0,0,0,0,0,0,0,0,0,0
614,Post-Doctoral (Artificial Intelligence in Finance),Overbond,"Montréal, QC",30+ days ago,NIL,1,0,0,0,0,0,0,0,0,0,0,0,1,0,0,0,0,0
615,"Senior Business Analyst, Product Analytics",lululemon athletica,"Vancouver, BC",30+ days ago,NIL,1,0,0,0,0,0,0,1,0,0,0,0,1,0,0,0,0,1
616,SEPT Grad - SESSIONAL FACULTY - SEP 786 Artificial Intelligence & Machine Learning Fundamentals/ SEP 787 Machine Learning: Classifi...,McMaster University,"Hamilton, ON",29 days ago,"$8,100 a month",1,0,0,0,1,0,0,0,0,0,0,0,0,1,0,0,0,1
617,Specialist Business Intelligence Performance Measurement and Reporting,PHSA,"Vancouver, BC",30+ days ago,NIL,1,1,1,0,0,0,1,1,0,1,0,0,1,0,1,0,0,0
618,"Senior Consultant Actuarial, Rewards and Analytics P&C",Deloitte,"Toronto, ON",30+ days ago,NIL,0,1,1,0,0,0,1,0,0,0,0,0,1,1,0,0,1,0
619,"Director of Advanced Analytics, e-commerce",Goodfood Market Corp.,"Toronto, ON",20 days ago,NIL,1,0,0,0,0,0,0,1,0,1,0,0,1,0,0,0,0,1
620,"Senior Software Engineer, Machine Learning",Postmates,"Vancouver, BC",30+ days ago,NIL,0,1,0,0,1,0,0,0,0,0,0,0,0,0,0,0,0,0
621,Stagiaire en recherche – Compréhension des machines et NLP robuste / Machine Comprehension and Robust NLP,Microsoft,"Montréal, QC",30+ days ago,NIL,1,1,0,0,0,0,0,0,0,0,0,0,1,1,0,0,0,0
622,Analyst - Advanced Analytics Team,Mosaic North America,"Toronto, ON",30+ days ago,NIL,1,1,1,0,0,0,0,0,0,0,0,1,1,0,0,0,1,0
623,Deep Learning Developer,PDFTron Systems Inc.,"Vancouver, BC",30+ days ago,NIL,1,1,0,1,1,0,0,0,0,0,0,0,1,0,1,0,0,0
624,Machine Learning Engineer - Applied AI,Fiix Software,"Toronto, ON",30+ days ago,NIL,1,1,0,0,0,0,0,1,0,0,0,0,0,0,0,0,0,0
625,"Product Owner, Machine Learning",Resolver Inc.,"Toronto, ON",30+ days ago,NIL,0,0,0,0,0,0,0,0,0,0,0,0,0,0,0,0,0,0
626,Senior Analytics Platform Engineer,Suncor Energy Services,"Calgary, AB",21 days ago,NIL,0,0,0,0,0,0,0,0,0,0,0,0,0,0,0,0,0,0
627,Senior Planning & Analytics Analyst,Parkland Fuel Corporation,"Calgary, AB",30+ days ago,NIL,1,1,0,0,1,0,1,1,0,0,0,0,1,1,1,0,0,1
628,Marketing Analytics Developer,Adviso,"Montréal, QC",30+ days ago,NIL,0,0,0,1,0,0,0,0,0,0,0,0,0,0,0,0,0,0
629,"Senior Staff Software Engineer, Machine Learning Infrastructure (TOR)",Etsy,"Toronto, ON",30+ days ago,NIL,0,0,0,0,0,0,0,0,0,0,0,0,1,0,0,0,0,0
630,"Product Owner, Machine Learning",Resolver,"Toronto, ON",30+ days ago,NIL,0,0,0,0,0,0,0,0,0,0,0,0,0,0,0,0,0,0
631,"Manager, Actuarial, Rewards and Analytics P&C",Deloitte,"Toronto, ON",30+ days ago,NIL,0,1,1,0,0,0,0,0,0,1,0,0,0,1,0,0,1,0
632,"Sr. Software Engineer - FullStack, AI Platform Services",[24]7.ai,"Toronto, ON",30+ days ago,NIL,0,0,0,1,0,0,0,0,0,0,0,0,1,0,0,0,0,0
633,"Director, Name Screening, AML/ATF Models and Analytics",Scotiabank,"Toronto, ON",5 days ago,NIL,0,0,1,0,0,0,1,1,0,0,0,0,0,0,0,0,0,0
634,Post-Doctoral (Artificial Intelligence in Finance),Overbond,"Montréal, QC",30+ days ago,NIL,1,0,0,0,0,0,0,0,0,0,0,0,1,0,0,0,0,0
635,"Senior Business Analyst, Product Analytics",lululemon athletica,"Vancouver, BC",30+ days ago,NIL,1,0,0,0,0,0,0,1,0,0,0,0,1,0,0,0,0,1
636,SEPT Grad - SESSIONAL FACULTY - SEP 786 Artificial Intelligence & Machine Learning Fundamentals/ SEP 787 Machine Learning: Classifi...,McMaster University,"Hamilton, ON",29 days ago,"$8,100 a month",1,0,0,0,1,0,0,0,0,0,0,0,0,1,0,0,0,1
637,Specialist Business Intelligence Performance Measurement and Reporting,PHSA,"Vancouver, BC",30+ days ago,NIL,1,1,1,0,0,0,1,1,0,1,0,0,1,0,1,0,0,0
638,"Senior Consultant Actuarial, Rewards and Analytics P&C",Deloitte,"Toronto, ON",30+ days ago,NIL,0,1,1,0,0,0,1,0,0,0,0,0,1,1,0,0,1,0
639,"Director of Advanced Analytics, e-commerce",Goodfood Market Corp.,"Toronto, ON",20 days ago,NIL,1,0,0,0,0,0,0,1,0,1,0,0,1,0,0,0,0,1
640,"Senior Software Engineer, Machine Learning",Postmates,"Vancouver, BC",30+ days ago,NIL,0,1,0,0,1,0,0,0,0,0,0,0,0,0,0,0,0,0
641,Stagiaire en recherche – Compréhension des machines et NLP robuste / Machine Comprehension and Robust NLP,Microsoft,"Montréal, QC",30+ days ago,NIL,1,1,0,0,0,0,0,0,0,0,0,0,1,1,0,0,0,0
642,Analyst - Advanced Analytics Team,Mosaic North America,"Toronto, ON",30+ days ago,NIL,1,1,1,0,0,0,0,0,0,0,0,1,1,0,0,0,1,0
643,Deep Learning Developer,PDFTron Systems Inc.,"Vancouver, BC",30+ days ago,NIL,1,1,0,1,1,0,0,0,0,0,0,0,1,0,1,0,0,0
644,Machine Learning Engineer - Applied AI,Fiix Software,"Toronto, ON",30+ days ago,NIL,1,1,0,0,0,0,0,1,0,0,0,0,0,0,0,0,0,0
645,"Product Owner, Machine Learning",Resolver Inc.,"Toronto, ON",30+ days ago,NIL,0,0,0,0,0,0,0,0,0,0,0,0,0,0,0,0,0,0
646,Senior Analytics Platform Engineer,Suncor Energy Services,"Calgary, AB",21 days ago,NIL,0,0,0,0,0,0,0,0,0,0,0,0,0,0,0,0,0,0
647,Senior Planning & Analytics Analyst,Parkland Fuel Corporation,"Calgary, AB",30+ days ago,NIL,1,1,0,0,1,0,1,1,0,0,0,0,1,1,1,0,0,1
648,Marketing Analytics Developer,Adviso,"Montréal, QC",30+ days ago,NIL,0,0,0,1,0,0,0,0,0,0,0,0,0,0,0,0,0,0
649,"Senior Staff Software Engineer, Machine Learning Infrastructure (TOR)",Etsy,"Toronto, ON",30+ days ago,NIL,0,0,0,0,0,0,0,0,0,0,0,0,1,0,0,0,0,0
650,"Product Owner, Machine Learning",Resolver,"Toronto, ON",30+ days ago,NIL,0,0,0,0,0,0,0,0,0,0,0,0,0,0,0,0,0,0
651,"Manager, Actuarial, Rewards and Analytics P&C",Deloitte,"Toronto, ON",30+ days ago,NIL,0,1,1,0,0,0,0,0,0,1,0,0,0,1,0,0,1,0
652,"Sr. Software Engineer - FullStack, AI Platform Services",[24]7.ai,"Toronto, ON",30+ days ago,NIL,0,0,0,1,0,0,0,0,0,0,0,0,1,0,0,0,0,0
653,"Director, Name Screening, AML/ATF Models and Analytics",Scotiabank,"Toronto, ON",5 days ago,NIL,0,0,1,0,0,0,1,1,0,0,0,0,0,0,0,0,0,0
654,Post-Doctoral (Artificial Intelligence in Finance),Overbond,"Montréal, QC",30+ days ago,NIL,1,0,0,0,0,0,0,0,0,0,0,0,1,0,0,0,0,0
655,"Senior Business Analyst, Product Analytics",lululemon athletica,"Vancouver, BC",30+ days ago,NIL,1,0,0,0,0,0,0,1,0,0,0,0,1,0,0,0,0,1
656,SEPT Grad - SESSIONAL FACULTY - SEP 786 Artificial Intelligence & Machine Learning Fundamentals/ SEP 787 Machine Learning: Classifi...,McMaster University,"Hamilton, ON",29 days ago,"$8,100 a month",1,0,0,0,1,0,0,0,0,0,0,0,0,1,0,0,0,1
657,Specialist Business Intelligence Performance Measurement and Reporting,PHSA,"Vancouver, BC",30+ days ago,NIL,1,1,1,0,0,0,1,1,0,1,0,0,1,0,1,0,0,0
658,"Senior Consultant Actuarial, Rewards and Analytics P&C",Deloitte,"Toronto, ON",30+ days ago,NIL,0,1,1,0,0,0,1,0,0,0,0,0,1,1,0,0,1,0
659,"Director of Advanced Analytics, e-commerce",Goodfood Market Corp.,"Toronto, ON",20 days ago,NIL,1,0,0,0,0,0,0,1,0,1,0,0,1,0,0,0,0,1
660,"Senior Software Engineer, Machine Learning",Postmates,"Vancouver, BC",30+ days ago,NIL,0,1,0,0,1,0,0,0,0,0,0,0,0,0,0,0,0,0
661,Stagiaire en recherche – Compréhension des machines et NLP robuste / Machine Comprehension and Robust NLP,Microsoft,"Montréal, QC",30+ days ago,NIL,1,1,0,0,0,0,0,0,0,0,0,0,1,1,0,0,0,0
662,Analyst - Advanced Analytics Team,Mosaic North America,"Toronto, ON",30+ days ago,NIL,1,1,1,0,0,0,0,0,0,0,0,1,1,0,0,0,1,0
663,Deep Learning Developer,PDFTron Systems Inc.,"Vancouver, BC",30+ days ago,NIL,1,1,0,1,1,0,0,0,0,0,0,0,1,0,1,0,0,0
664,Machine Learning Engineer - Applied AI,Fiix Software,"Toronto, ON",30+ days ago,NIL,1,1,0,0,0,0,0,1,0,0,0,0,0,0,0,0,0,0
665,"Product Owner, Machine Learning",Resolver Inc.,"Toronto, ON",30+ days ago,NIL,0,0,0,0,0,0,0,0,0,0,0,0,0,0,0,0,0,0
666,Senior Analytics Platform Engineer,Suncor Energy Services,"Calgary, AB",21 days ago,NIL,0,0,0,0,0,0,0,0,0,0,0,0,0,0,0,0,0,0
667,Senior Planning & Analytics Analyst,Parkland Fuel Corporation,"Calgary, AB",30+ days ago,NIL,1,1,0,0,1,0,1,1,0,0,0,0,1,1,1,0,0,1
668,Marketing Analytics Developer,Adviso,"Montréal, QC",30+ days ago,NIL,0,0,0,1,0,0,0,0,0,0,0,0,0,0,0,0,0,0
669,"Senior Staff Software Engineer, Machine Learning Infrastructure (TOR)",Etsy,"Toronto, ON",30+ days ago,NIL,0,0,0,0,0,0,0,0,0,0,0,0,1,0,0,0,0,0
670,"Product Owner, Machine Learning",Resolver,"Toronto, ON",30+ days ago,NIL,0,0,0,0,0,0,0,0,0,0,0,0,0,0,0,0,0,0
671,"Manager, Actuarial, Rewards and Analytics P&C",Deloitte,"Toronto, ON",30+ days ago,NIL,0,1,1,0,0,0,0,0,0,1,0,0,0,1,0,0,1,0
672,"Sr. Software Engineer - FullStack, AI Platform Services",[24]7.ai,"Toronto, ON",30+ days ago,NIL,0,0,0,1,0,0,0,0,0,0,0,0,1,0,0,0,0,0
673,"Director, Name Screening, AML/ATF Models and Analytics",Scotiabank,"Toronto, ON",5 days ago,NIL,0,0,1,0,0,0,1,1,0,0,0,0,0,0,0,0,0,0
674,Post-Doctoral (Artificial Intelligence in Finance),Overbond,"Montréal, QC",30+ days ago,NIL,1,0,0,0,0,0,0,0,0,0,0,0,1,0,0,0,0,0
675,"Senior Business Analyst, Product Analytics",lululemon athletica,"Vancouver, BC",30+ days ago,NIL,1,0,0,0,0,0,0,1,0,0,0,0,1,0,0,0,0,1
676,SEPT Grad - SESSIONAL FACULTY - SEP 786 Artificial Intelligence & Machine Learning Fundamentals/ SEP 787 Machine Learning: Classifi...,McMaster University,"Hamilton, ON",29 days ago,"$8,100 a month",1,0,0,0,1,0,0,0,0,0,0,0,0,1,0,0,0,1
677,Specialist Business Intelligence Performance Measurement and Reporting,PHSA,"Vancouver, BC",30+ days ago,NIL,1,1,1,0,0,0,1,1,0,1,0,0,1,0,1,0,0,0
678,"Senior Consultant Actuarial, Rewards and Analytics P&C",Deloitte,"Toronto, ON",30+ days ago,NIL,0,1,1,0,0,0,1,0,0,0,0,0,1,1,0,0,1,0
679,"Director of Advanced Analytics, e-commerce",Goodfood Market Corp.,"Toronto, ON",20 days ago,NIL,1,0,0,0,0,0,0,1,0,1,0,0,1,0,0,0,0,1
680,"Senior Software Engineer, Machine Learning",Postmates,"Vancouver, BC",30+ days ago,NIL,0,1,0,0,1,0,0,0,0,0,0,0,0,0,0,0,0,0
681,Stagiaire en recherche – Compréhension des machines et NLP robuste / Machine Comprehension and Robust NLP,Microsoft,"Montréal, QC",30+ days ago,NIL,1,1,0,0,0,0,0,0,0,0,0,0,1,1,0,0,0,0
682,Analyst - Advanced Analytics Team,Mosaic North America,"Toronto, ON",30+ days ago,NIL,1,1,1,0,0,0,0,0,0,0,0,1,1,0,0,0,1,0
683,Deep Learning Developer,PDFTron Systems Inc.,"Vancouver, BC",30+ days ago,NIL,1,1,0,1,1,0,0,0,0,0,0,0,1,0,1,0,0,0
684,Machine Learning Engineer - Applied AI,Fiix Software,"Toronto, ON",30+ days ago,NIL,1,1,0,0,0,0,0,1,0,0,0,0,0,0,0,0,0,0
685,"Product Owner, Machine Learning",Resolver Inc.,"Toronto, ON",30+ days ago,NIL,0,0,0,0,0,0,0,0,0,0,0,0,0,0,0,0,0,0
686,Senior Analytics Platform Engineer,Suncor Energy Services,"Calgary, AB",21 days ago,NIL,0,0,0,0,0,0,0,0,0,0,0,0,0,0,0,0,0,0
687,Senior Planning & Analytics Analyst,Parkland Fuel Corporation,"Calgary, AB",30+ days ago,NIL,1,1,0,0,1,0,1,1,0,0,0,0,1,1,1,0,0,1
688,Marketing Analytics Developer,Adviso,"Montréal, QC",30+ days ago,NIL,0,0,0,1,0,0,0,0,0,0,0,0,0,0,0,0,0,0
689,"Senior Staff Software Engineer, Machine Learning Infrastructure (TOR)",Etsy,"Toronto, ON",30+ days ago,NIL,0,0,0,0,0,0,0,0,0,0,0,0,1,0,0,0,0,0
690,"Product Owner, Machine Learning",Resolver,"Toronto, ON",30+ days ago,NIL,0,0,0,0,0,0,0,0,0,0,0,0,0,0,0,0,0,0
691,"Manager, Actuarial, Rewards and Analytics P&C",Deloitte,"Toronto, ON",30+ days ago,NIL,0,1,1,0,0,0,0,0,0,1,0,0,0,1,0,0,1,0
692,"Sr. Software Engineer - FullStack, AI Platform Services",[24]7.ai,"Toronto, ON",30+ days ago,NIL,0,0,0,1,0,0,0,0,0,0,0,0,1,0,0,0,0,0
693,"Director, Name Screening, AML/ATF Models and Analytics",Scotiabank,"Toronto, ON",5 days ago,NIL,0,0,1,0,0,0,1,1,0,0,0,0,0,0,0,0,0,0
694,Post-Doctoral (Artificial Intelligence in Finance),Overbond,"Montréal, QC",30+ days ago,NIL,1,0,0,0,0,0,0,0,0,0,0,0,1,0,0,0,0,0
695,"Senior Business Analyst, Product Analytics",lululemon athletica,"Vancouver, BC",30+ days ago,NIL,1,0,0,0,0,0,0,1,0,0,0,0,1,0,0,0,0,1
696,SEPT Grad - SESSIONAL FACULTY - SEP 786 Artificial Intelligence & Machine Learning Fundamentals/ SEP 787 Machine Learning: Classifi...,McMaster University,"Hamilton, ON",29 days ago,"$8,100 a month",1,0,0,0,1,0,0,0,0,0,0,0,0,1,0,0,0,1
697,Specialist Business Intelligence Performance Measurement and Reporting,PHSA,"Vancouver, BC",30+ days ago,NIL,1,1,1,0,0,0,1,1,0,1,0,0,1,0,1,0,0,0
698,"Senior Consultant Actuarial, Rewards and Analytics P&C",Deloitte,"Toronto, ON",30+ days ago,NIL,0,1,1,0,0,0,1,0,0,0,0,0,1,1,0,0,1,0
699,"Director of Advanced Analytics, e-commerce",Goodfood Market Corp.,"Toronto, ON",20 days ago,NIL,1,0,0,0,0,0,0,1,0,1,0,0,1,0,0,0,0,1
700,"Senior Software Engineer, Machine Learning",Postmates,"Vancouver, BC",30+ days ago,NIL,0,1,0,0,1,0,0,0,0,0,0,0,0,0,0,0,0,0
701,Stagiaire en recherche – Compréhension des machines et NLP robuste / Machine Comprehension and Robust NLP,Microsoft,"Montréal, QC",30+ days ago,NIL,1,1,0,0,0,0,0,0,0,0,0,0,1,1,0,0,0,0
702,Analyst - Advanced Analytics Team,Mosaic North America,"Toronto, ON",30+ days ago,NIL,1,1,1,0,0,0,0,0,0,0,0,1,1,0,0,0,1,0
703,Deep Learning Developer,PDFTron Systems Inc.,"Vancouver, BC",30+ days ago,NIL,1,1,0,1,1,0,0,0,0,0,0,0,1,0,1,0,0,0
704,Machine Learning Engineer - Applied AI,Fiix Software,"Toronto, ON",30+ days ago,NIL,1,1,0,0,0,0,0,1,0,0,0,0,0,0,0,0,0,0
705,"Product Owner, Machine Learning",Resolver Inc.,"Toronto, ON",30+ days ago,NIL,0,0,0,0,0,0,0,0,0,0,0,0,0,0,0,0,0,0
706,Senior Analytics Platform Engineer,Suncor Energy Services,"Calgary, AB",21 days ago,NIL,0,0,0,0,0,0,0,0,0,0,0,0,0,0,0,0,0,0
707,Senior Planning & Analytics Analyst,Parkland Fuel Corporation,"Calgary, AB",30+ days ago,NIL,1,1,0,0,1,0,1,1,0,0,0,0,1,1,1,0,0,1
708,Marketing Analytics Developer,Adviso,"Montréal, QC",30+ days ago,NIL,0,0,0,1,0,0,0,0,0,0,0,0,0,0,0,0,0,0
709,"Senior Staff Software Engineer, Machine Learning Infrastructure (TOR)",Etsy,"Toronto, ON",30+ days ago,NIL,0,0,0,0,0,0,0,0,0,0,0,0,1,0,0,0,0,0
710,"Product Owner, Machine Learning",Resolver,"Toronto, ON",30+ days ago,NIL,0,0,0,0,0,0,0,0,0,0,0,0,0,0,0,0,0,0
711,"Manager, Actuarial, Rewards and Analytics P&C",Deloitte,"Toronto, ON",30+ days ago,NIL,0,1,1,0,0,0,0,0,0,1,0,0,0,1,0,0,1,0
712,"Sr. Software Engineer - FullStack, AI Platform Services",[24]7.ai,"Toronto, ON",30+ days ago,NIL,0,0,0,1,0,0,0,0,0,0,0,0,1,0,0,0,0,0
713,"Director, Name Screening, AML/ATF Models and Analytics",Scotiabank,"Toronto, ON",5 days ago,NIL,0,0,1,0,0,0,1,1,0,0,0,0,0,0,0,0,0,0
714,Post-Doctoral (Artificial Intelligence in Finance),Overbond,"Montréal, QC",30+ days ago,NIL,1,0,0,0,0,0,0,0,0,0,0,0,1,0,0,0,0,0
715,"Senior Business Analyst, Product Analytics",lululemon athletica,"Vancouver, BC",30+ days ago,NIL,1,0,0,0,0,0,0,1,0,0,0,0,1,0,0,0,0,1
716,SEPT Grad - SESSIONAL FACULTY - SEP 786 Artificial Intelligence & Machine Learning Fundamentals/ SEP 787 Machine Learning: Classifi...,McMaster University,"Hamilton, ON",29 days ago,"$8,100 a month",1,0,0,0,1,0,0,0,0,0,0,0,0,1,0,0,0,1
717,Specialist Business Intelligence Performance Measurement and Reporting,PHSA,"Vancouver, BC",30+ days ago,NIL,1,1,1,0,0,0,1,1,0,1,0,0,1,0,1,0,0,0
718,"Senior Consultant Actuarial, Rewards and Analytics P&C",Deloitte,"Toronto, ON",30+ days ago,NIL,0,1,1,0,0,0,1,0,0,0,0,0,1,1,0,0,1,0
719,"Director of Advanced Analytics, e-commerce",Goodfood Market Corp.,"Toronto, ON",20 days ago,NIL,1,0,0,0,0,0,0,1,0,1,0,0,1,0,0,0,0,1
720,"Senior Software Engineer, Machine Learning",Postmates,"Vancouver, BC",30+ days ago,NIL,0,1,0,0,1,0,0,0,0,0,0,0,0,0,0,0,0,0
721,Stagiaire en recherche – Compréhension des machines et NLP robuste / Machine Comprehension and Robust NLP,Microsoft,"Montréal, QC",30+ days ago,NIL,1,1,0,0,0,0,0,0,0,0,0,0,1,1,0,0,0,0
722,Analyst - Advanced Analytics Team,Mosaic North America,"Toronto, ON",30+ days ago,NIL,1,1,1,0,0,0,0,0,0,0,0,1,1,0,0,0,1,0
723,Deep Learning Developer,PDFTron Systems Inc.,"Vancouver, BC",30+ days ago,NIL,1,1,0,1,1,0,0,0,0,0,0,0,1,0,1,0,0,0
724,Machine Learning Engineer - Applied AI,Fiix Software,"Toronto, ON",30+ days ago,NIL,1,1,0,0,0,0,0,1,0,0,0,0,0,0,0,0,0,0
725,"Product Owner, Machine Learning",Resolver Inc.,"Toronto, ON",30+ days ago,NIL,0,0,0,0,0,0,0,0,0,0,0,0,0,0,0,0,0,0
726,Senior Analytics Platform Engineer,Suncor Energy Services,"Calgary, AB",21 days ago,NIL,0,0,0,0,0,0,0,0,0,0,0,0,0,0,0,0,0,0
727,Senior Planning & Analytics Analyst,Parkland Fuel Corporation,"Calgary, AB",30+ days ago,NIL,1,1,0,0,1,0,1,1,0,0,0,0,1,1,1,0,0,1
728,Marketing Analytics Developer,Adviso,"Montréal, QC",30+ days ago,NIL,0,0,0,1,0,0,0,0,0,0,0,0,0,0,0,0,0,0
729,"Senior Staff Software Engineer, Machine Learning Infrastructure (TOR)",Etsy,"Toronto, ON",30+ days ago,NIL,0,0,0,0,0,0,0,0,0,0,0,0,1,0,0,0,0,0
730,"Product Owner, Machine Learning",Resolver,"Toronto, ON",30+ days ago,NIL,0,0,0,0,0,0,0,0,0,0,0,0,0,0,0,0,0,0
731,"Manager, Actuarial, Rewards and Analytics P&C",Deloitte,"Toronto, ON",30+ days ago,NIL,0,1,1,0,0,0,0,0,0,1,0,0,0,1,0,0,1,0
732,"Sr. Software Engineer - FullStack, AI Platform Services",[24]7.ai,"Toronto, ON",30+ days ago,NIL,0,0,0,1,0,0,0,0,0,0,0,0,1,0,0,0,0,0
733,"Director, Name Screening, AML/ATF Models and Analytics",Scotiabank,"Toronto, ON",5 days ago,NIL,0,0,1,0,0,0,1,1,0,0,0,0,0,0,0,0,0,0
734,Post-Doctoral (Artificial Intelligence in Finance),Overbond,"Montréal, QC",30+ days ago,NIL,1,0,0,0,0,0,0,0,0,0,0,0,1,0,0,0,0,0
735,"Senior Business Analyst, Product Analytics",lululemon athletica,"Vancouver, BC",30+ days ago,NIL,1,0,0,0,0,0,0,1,0,0,0,0,1,0,0,0,0,1
736,SEPT Grad - SESSIONAL FACULTY - SEP 786 Artificial Intelligence & Machine Learning Fundamentals/ SEP 787 Machine Learning: Classifi...,McMaster University,"Hamilton, ON",29 days ago,"$8,100 a month",1,0,0,0,1,0,0,0,0,0,0,0,0,1,0,0,0,1
737,Specialist Business Intelligence Performance Measurement and Reporting,PHSA,"Vancouver, BC",30+ days ago,NIL,1,1,1,0,0,0,1,1,0,1,0,0,1,0,1,0,0,0
738,"Senior Consultant Actuarial, Rewards and Analytics P&C",Deloitte,"Toronto, ON",30+ days ago,NIL,0,1,1,0,0,0,1,0,0,0,0,0,1,1,0,0,1,0
739,"Director of Advanced Analytics, e-commerce",Goodfood Market Corp.,"Toronto, ON",20 days ago,NIL,1,0,0,0,0,0,0,1,0,1,0,0,1,0,0,0,0,1
740,"Senior Software Engineer, Machine Learning",Postmates,"Vancouver, BC",30+ days ago,NIL,0,1,0,0,1,0,0,0,0,0,0,0,0,0,0,0,0,0
741,Stagiaire en recherche – Compréhension des machines et NLP robuste / Machine Comprehension and Robust NLP,Microsoft,"Montréal, QC",30+ days ago,NIL,1,1,0,0,0,0,0,0,0,0,0,0,1,1,0,0,0,0
742,Analyst - Advanced Analytics Team,Mosaic North America,"Toronto, ON",30+ days ago,NIL,1,1,1,0,0,0,0,0,0,0,0,1,1,0,0,0,1,0
743,Deep Learning Developer,PDFTron Systems Inc.,"Vancouver, BC",30+ days ago,NIL,1,1,0,1,1,0,0,0,0,0,0,0,1,0,1,0,0,0
744,Machine Learning Engineer - Applied AI,Fiix Software,"Toronto, ON",30+ days ago,NIL,1,1,0,0,0,0,0,1,0,0,0,0,0,0,0,0,0,0
745,"Product Owner, Machine Learning",Resolver Inc.,"Toronto, ON",30+ days ago,NIL,0,0,0,0,0,0,0,0,0,0,0,0,0,0,0,0,0,0
746,Senior Analytics Platform Engineer,Suncor Energy Services,"Calgary, AB",21 days ago,NIL,0,0,0,0,0,0,0,0,0,0,0,0,0,0,0,0,0,0
747,Senior Planning & Analytics Analyst,Parkland Fuel Corporation,"Calgary, AB",30+ days ago,NIL,1,1,0,0,1,0,1,1,0,0,0,0,1,1,1,0,0,1
748,Marketing Analytics Developer,Adviso,"Montréal, QC",30+ days ago,NIL,0,0,0,1,0,0,0,0,0,0,0,0,0,0,0,0,0,0
749,"Senior Staff Software Engineer, Machine Learning Infrastructure (TOR)",Etsy,"Toronto, ON",30+ days ago,NIL,0,0,0,0,0,0,0,0,0,0,0,0,1,0,0,0,0,0
750,"Product Owner, Machine Learning",Resolver,"Toronto, ON",30+ days ago,NIL,0,0,0,0,0,0,0,0,0,0,0,0,0,0,0,0,0,0
751,"Manager, Actuarial, Rewards and Analytics P&C",Deloitte,"Toronto, ON",30+ days ago,NIL,0,1,1,0,0,0,0,0,0,1,0,0,0,1,0,0,1,0
752,"Sr. Software Engineer - FullStack, AI Platform Services",[24]7.ai,"Toronto, ON",30+ days ago,NIL,0,0,0,1,0,0,0,0,0,0,0,0,1,0,0,0,0,0
753,"Director, Name Screening, AML/ATF Models and Analytics",Scotiabank,"Toronto, ON",5 days ago,NIL,0,0,1,0,0,0,1,1,0,0,0,0,0,0,0,0,0,0
754,Post-Doctoral (Artificial Intelligence in Finance),Overbond,"Montréal, QC",30+ days ago,NIL,1,0,0,0,0,0,0,0,0,0,0,0,1,0,0,0,0,0
755,"Senior Business Analyst, Product Analytics",lululemon athletica,"Vancouver, BC",30+ days ago,NIL,1,0,0,0,0,0,0,1,0,0,0,0,1,0,0,0,0,1
756,SEPT Grad - SESSIONAL FACULTY - SEP 786 Artificial Intelligence & Machine Learning Fundamentals/ SEP 787 Machine Learning: Classifi...,McMaster University,"Hamilton, ON",29 days ago,"$8,100 a month",1,0,0,0,1,0,0,0,0,0,0,0,0,1,0,0,0,1
757,Specialist Business Intelligence Performance Measurement and Reporting,PHSA,"Vancouver, BC",30+ days ago,NIL,1,1,1,0,0,0,1,1,0,1,0,0,1,0,1,0,0,0
758,"Senior Consultant Actuarial, Rewards and Analytics P&C",Deloitte,"Toronto, ON",30+ days ago,NIL,0,1,1,0,0,0,1,0,0,0,0,0,1,1,0,0,1,0
759,"Director of Advanced Analytics, e-commerce",Goodfood Market Corp.,"Toronto, ON",20 days ago,NIL,1,0,0,0,0,0,0,1,0,1,0,0,1,0,0,0,0,1
760,"Senior Software Engineer, Machine Learning",Postmates,"Vancouver, BC",30+ days ago,NIL,0,1,0,0,1,0,0,0,0,0,0,0,0,0,0,0,0,0
761,Stagiaire en recherche – Compréhension des machines et NLP robuste / Machine Comprehension and Robust NLP,Microsoft,"Montréal, QC",30+ days ago,NIL,1,1,0,0,0,0,0,0,0,0,0,0,1,1,0,0,0,0
762,Analyst - Advanced Analytics Team,Mosaic North America,"Toronto, ON",30+ days ago,NIL,1,1,1,0,0,0,0,0,0,0,0,1,1,0,0,0,1,0
763,Deep Learning Developer,PDFTron Systems Inc.,"Vancouver, BC",30+ days ago,NIL,1,1,0,1,1,0,0,0,0,0,0,0,1,0,1,0,0,0
764,Machine Learning Engineer - Applied AI,Fiix Software,"Toronto, ON",30+ days ago,NIL,1,1,0,0,0,0,0,1,0,0,0,0,0,0,0,0,0,0
765,"Product Owner, Machine Learning",Resolver Inc.,"Toronto, ON",30+ days ago,NIL,0,0,0,0,0,0,0,0,0,0,0,0,0,0,0,0,0,0
766,Senior Analytics Platform Engineer,Suncor Energy Services,"Calgary, AB",21 days ago,NIL,0,0,0,0,0,0,0,0,0,0,0,0,0,0,0,0,0,0
767,Senior Planning & Analytics Analyst,Parkland Fuel Corporation,"Calgary, AB",30+ days ago,NIL,1,1,0,0,1,0,1,1,0,0,0,0,1,1,1,0,0,1
768,Marketing Analytics Developer,Adviso,"Montréal, QC",30+ days ago,NIL,0,0,0,1,0,0,0,0,0,0,0,0,0,0,0,0,0,0
769,"Senior Staff Software Engineer, Machine Learning Infrastructure (TOR)",Etsy,"Toronto, ON",30+ days ago,NIL,0,0,0,0,0,0,0,0,0,0,0,0,1,0,0,0,0,0
770,"Product Owner, Machine Learning",Resolver,"Toronto, ON",30+ days ago,NIL,0,0,0,0,0,0,0,0,0,0,0,0,0,0,0,0,0,0
771,"Manager, Actuarial, Rewards and Analytics P&C",Deloitte,"Toronto, ON",30+ days ago,NIL,0,1,1,0,0,0,0,0,0,1,0,0,0,1,0,0,1,0
772,"Sr. Software Engineer - FullStack, AI Platform Services",[24]7.ai,"Toronto, ON",30+ days ago,NIL,0,0,0,1,0,0,0,0,0,0,0,0,1,0,0,0,0,0
773,"Director, Name Screening, AML/ATF Models and Analytics",Scotiabank,"Toronto, ON",5 days ago,NIL,0,0,1,0,0,0,1,1,0,0,0,0,0,0,0,0,0,0
774,Post-Doctoral (Artificial Intelligence in Finance),Overbond,"Montréal, QC",30+ days ago,NIL,1,0,0,0,0,0,0,0,0,0,0,0,1,0,0,0,0,0
775,"Senior Business Analyst, Product Analytics",lululemon athletica,"Vancouver, BC",30+ days ago,NIL,1,0,0,0,0,0,0,1,0,0,0,0,1,0,0,0,0,1
776,SEPT Grad - SESSIONAL FACULTY - SEP 786 Artificial Intelligence & Machine Learning Fundamentals/ SEP 787 Machine Learning: Classifi...,McMaster University,"Hamilton, ON",29 days ago,"$8,100 a month",1,0,0,0,1,0,0,0,0,0,0,0,0,1,0,0,0,1
777,Specialist Business Intelligence Performance Measurement and Reporting,PHSA,"Vancouver, BC",30+ days ago,NIL,1,1,1,0,0,0,1,1,0,1,0,0,1,0,1,0,0,0
778,"Senior Consultant Actuarial, Rewards and Analytics P&C",Deloitte,"Toronto, ON",30+ days ago,NIL,0,1,1,0,0,0,1,0,0,0,0,0,1,1,0,0,1,0
779,"Director of Advanced Analytics, e-commerce",Goodfood Market Corp.,"Toronto, ON",20 days ago,NIL,1,0,0,0,0,0,0,1,0,1,0,0,1,0,0,0,0,1
